item_id	i_category_c	i_subcategory_c
1556	6	208
55	8	151
807	16	265
6694	4	223
13187	18	279
1815	6	97
1385	4	219
4319	14	102
4954	1	16
373	4	223
9078	8	134
4816	14	167
799	8	136
7878	6	208
11625	6	162
139	8	136
5857	8	142
1049	6	208
15072	8	142
2051	6	208
3351	6	276
6516	15	257
4365	14	104
1508	8	147
2862	4	250
8763	14	212
14304	8	142
3422	15	260
12076	14	38
15390	8	141
3023	6	208
1092	8	131
20544	14	167
15388	8	134
1152	4	250
630	8	276
841	15	258
5284	8	133
3127	6	276
1290	15	259
5184	8	141
671	1	16
6093	4	199
6210	15	260
3000	4	221
2342	18	279
217	8	276
4079	16	265
2164	16	265
9950	4	41
1724	8	132
5762	8	133
3402	15	259
956	1	24
6821	8	136
1928	3	85
6961	3	85
1097	8	276
5218	8	136
425	14	167
1196	4	99
5282	8	133
5702	8	119
863	1	10
1434	6	281
2740	6	282
1501	8	132
830	6	276
8091	18	279
581	4	199
1129	10	173
518	4	223
2319	12	187
4265	12	186
1388	8	151
1659	6	208
15892	16	264
1117	8	276
1859	8	276
1118	8	276
5203	18	279
6000	11	175
1882	10	168
9	3	74
2201	8	151
1380	12	205
507	1	7
178	6	161
3617	6	161
3399	3	160
3487	1	26
882	15	257
5861	4	274
1046	15	260
10301	3	86
3265	6	282
5697	8	141
2478	6	282
16418	15	260
1913	3	76
4610	8	232
8944	12	205
2234	12	194
6375	8	134
3251	8	134
903	11	176
6148	2	66
3011	8	130
686	6	208
173	8	151
1254	12	187
2861	6	161
1379	3	92
2131	6	281
4782	8	136
155	8	130
1421	11	175
9316	8	141
2706	3	85
23991	3	87
8561	12	197
163	2	55
3680	6	2
3354	6	97
209	8	276
4555	4	99
1480	6	208
15069	8	142
2199	12	187
2036	6	208
1930	8	137
604	6	282
1954	15	258
1194	8	151
1957	2	66
2097	8	276
8443	8	232
1638	14	104
23863	12	197
5	8	147
10974	6	208
1276	14	102
3092	14	122
5755	8	137
2329	6	282
15622	3	88
6547	6	281
340	12	53
583	8	276
3505	1	13
5694	3	85
2506	8	151
9144	3	94
4111	11	177
196	15	260
7198	4	274
180	8	136
845	15	260
3698	6	208
3500	3	85
2075	6	2
4517	8	149
968	16	265
1812	14	104
3751	4	250
2330	18	279
1226	4	50
1311	3	92
3819	6	276
9016	8	142
2107	8	232
9419	6	281
9367	12	187
1150	10	168
1390	3	87
824	1	10
23986	1	5
1019	8	132
4655	15	260
1427	2	55
2836	15	260
4500	4	221
3681	4	250
1640	2	55
580	15	258
672	8	232
1105	8	132
3950	6	282
9396	12	187
5731	8	136
2326	1	16
6283	3	86
5527	15	273
14361	4	99
216	8	276
5139	3	86
5589	6	208
1524	8	3
7026	6	97
2373	3	85
428	4	221
62	16	265
1072	8	276
979	3	85
7606	8	130
928	6	208
1431	4	221
5450	6	282
5530	15	257
7518	4	274
1835	3	85
912	4	223
3064	4	250
3493	1	13
942	6	282
2064	8	46
3884	4	219
725	6	282
23989	3	87
14371	4	99
5810	3	86
1799	2	30
1162	3	74
2782	14	38
403	1	24
128	8	131
3469	4	221
3495	3	85
5757	8	134
625	8	139
1313	6	97
3138	10	171
5465	8	232
853	4	223
2001	8	141
4679	6	161
2428	8	134
1110	8	139
4586	6	114
339	6	97
781	6	282
1203	8	276
965	15	273
224	10	171
831	6	282
1697	6	281
23985	1	5
846	4	221
1693	8	232
3339	8	136
2722	6	282
7521	4	274
2926	14	36
405	4	221
4016	8	133
7547	8	141
14795	8	147
4375	8	130
541	6	281
2610	1	16
7603	8	133
3898	4	199
2128	6	208
833	8	158
2141	6	281
2919	3	85
3048	3	215
1938	8	141
13958	8	151
1795	8	141
1170	4	221
1422	11	176
16672	3	94
3661	8	149
5716	1	10
5859	8	149
834	4	223
1585	6	276
695	8	136
11733	14	167
2007	8	276
3435	3	160
110	15	257
1103	10	173
5543	6	97
1829	2	109
3560	14	212
4881	8	232
6925	15	260
5187	4	199
762	8	136
2204	8	232
9392	12	187
1104	10	168
2082	16	265
7153	8	146
2186	8	151
8501	12	186
1222	6	161
821	15	255
1917	3	76
975	6	208
7839	12	186
3396	12	187
2126	6	281
2460	6	282
4400	17	4
4098	8	146
1279	6	282
1565	1	24
1433	4	221
4508	8	232
3612	6	161
7688	12	197
3323	8	140
7320	12	187
1376	3	87
5455	8	141
1953	8	139
919	6	208
1109	10	173
1703	12	197
4720	4	223
3772	8	130
3455	15	260
11933	8	142
1273	4	250
4919	15	260
1089	10	168
7261	15	273
603	12	205
5070	4	99
1677	4	219
13479	2	273
6810	16	264
2907	8	232
1211	4	223
2368	1	11
9017	8	141
7643	8	142
2256	6	208
4091	3	85
7456	12	70
2473	6	208
860	2	121
4765	16	270
1200	6	282
13094	17	182
811	3	85
1061	8	147
1037	12	201
3616	6	161
3012	12	194
2062	6	208
7133	4	99
891	4	223
4688	6	114
2949	6	273
18938	18	279
4398	17	4
4923	3	92
1332	3	83
1125	8	141
3721	4	199
1564	1	16
6029	6	161
7013	1	20
1123	10	173
1133	10	168
23988	3	87
4136	14	33
517	8	276
8069	2	67
2280	6	208
2005	3	85
10619	15	257
1631	3	86
2065	8	147
1267	4	223
2006	18	279
2764	12	70
4854	15	260
4089	16	268
5760	8	133
7152	8	130
2917	6	161
9142	8	130
3667	8	47
2439	12	197
3367	8	130
7523	4	274
5862	3	87
4153	4	99
2171	16	264
6592	8	139
5808	3	160
1083	10	173
2161	8	151
837	4	223
8977	4	274
879	15	259
1115	10	168
2464	6	276
1620	3	88
7876	14	104
2386	3	86
1503	3	94
3694	6	208
25	12	197
4606	3	160
6046	8	142
14362	4	99
2668	1	16
9009	6	208
5216	1	16
14370	4	99
3506	1	16
9681	17	275
106	3	73
1251	4	199
1121	10	173
3784	6	282
2988	2	55
6703	3	88
921	4	221
3489	1	23
872	10	171
1016	3	160
6418	2	66
184	3	73
937	4	223
10632	15	273
3551	12	184
13474	1	22
3104	10	171
5074	4	99
3445	1	23
1955	6	97
5695	1	10
2194	16	265
2388	3	92
11623	8	232
4925	6	208
347	8	141
1274	4	99
964	1	5
3659	15	258
871	4	223
14724	4	99
10927	8	133
4208	15	259
8728	17	275
1870	8	136
6946	2	55
3488	1	24
4533	8	46
1801	18	279
171	2	121
1044	3	215
13749	8	151
1077	3	85
12526	3	88
7762	4	99
161	2	55
12525	3	88
1022	6	208
13992	17	275
7143	8	276
2511	4	250
14367	4	99
5562	16	270
2430	8	146
14363	4	99
4378	8	130
2507	8	139
4246	6	281
3742	3	86
916	15	260
1040	3	85
4567	6	281
2306	12	70
3152	3	88
11624	6	208
2106	12	190
1972	4	274
3372	1	24
2808	8	141
913	4	223
2803	8	140
925	1	24
7330	1	7
940	1	19
23990	3	87
5264	8	130
2466	15	260
1069	4	99
2641	3	215
17604	6	161
2109	16	265
1984	12	190
6045	3	83
10115	6	46
6527	4	99
3692	6	208
3749	4	250
5848	8	149
10596	8	141
4190	8	151
957	4	223
1704	6	2
13344	12	186
2982	17	214
301	8	129
4924	3	77
3413	8	132
11849	8	142
1768	3	160
917	1	26
3559	14	212
6047	6	97
755	8	136
1692	8	232
3161	16	264
133	4	219
1905	8	154
7793	1	10
6001	11	57
15071	17	275
1841	10	173
6815	8	151
2993	3	215
20468	4	199
1816	3	75
2728	6	282
4951	12	197
10640	15	273
5719	1	10
4160	15	260
866	4	223
760	15	259
2788	14	33
2992	8	150
1410	8	276
17902	17	275
16326	6	281
2613	3	76
7545	16	265
219	2	55
9378	8	157
759	8	141
4909	3	94
881	10	171
692	8	252
2774	8	143
2998	4	223
564	3	94
2224	6	114
2370	1	16
2004	3	85
1735	8	276
20838	17	275
2389	3	85
5451	6	282
1741	8	232
1916	8	130
859	6	97
5443	17	214
3006	4	223
2144	16	270
3148	8	232
599	8	141
1608	12	191
865	3	215
4084	10	173
1656	4	274
2245	12	205
768	3	88
1002	8	46
9010	15	260
8659	3	86
1389	8	131
5878	4	99
6802	2	55
22443	3	86
8030	15	273
2117	1	26
5230	1	16
3855	6	208
456	10	170
2183	16	265
898	10	170
1048	3	215
2372	8	141
5637	15	259
1613	8	130
1979	8	141
6799	2	67
7325	12	187
2316	15	273
8564	12	186
14717	6	161
1080	4	199
889	10	171
6556	8	154
556	3	85
14369	4	99
3380	15	260
4507	8	232
4493	8	141
958	11	176
2991	4	223
306	1	20
2778	8	142
4687	6	46
17076	12	187
4922	3	77
4276	12	186
9352	8	141
9541	12	70
13565	8	146
4013	3	88
2434	8	130
4384	8	232
1627	12	184
4738	8	130
14365	4	99
218	2	121
840	3	215
779	8	3
1922	2	30
524	12	205
820	15	258
5877	4	223
8620	3	86
229	11	176
1343	3	73
3504	1	13
4078	3	85
13	2	55
521	8	138
5732	12	197
1622	3	215
242	12	70
2260	4	223
3771	8	232
4518	8	149
496	4	250
1730	15	259
4088	16	265
4707	1	19
2905	6	2
2349	3	85
4607	12	193
2048	8	131
1960	8	139
2061	8	3
922	12	205
4100	3	87
1142	8	276
2748	6	282
2771	8	142
4052	6	161
3017	16	265
3552	3	87
4826	4	99
2010	4	41
2503	8	137
557	2	67
2976	15	257
526	12	201
1463	12	52
5454	6	282
944	2	67
20122	8	151
1937	3	85
3345	3	85
3254	3	86
6211	8	136
4998	6	161
2052	6	276
6525	2	273
18746	8	151
2266	2	30
236	2	67
10972	6	208
966	4	221
3143	8	149
3086	3	86
885	4	99
3291	6	276
1605	12	70
4086	16	270
1537	12	194
5937	12	197
3651	12	197
4569	6	281
4	8	141
8031	8	47
100	12	194
7318	1	19
6048	8	130
3163	11	57
4818	3	85
8068	15	260
7982	1	16
892	1	16
8946	15	260
2132	6	281
2804	10	171
5134	3	78
3183	17	275
5373	11	57
6549	6	281
14364	4	99
1394	15	273
6890	14	34
3499	1	16
818	15	260
205	8	132
10	18	279
2275	4	223
6523	4	99
14359	4	99
1132	10	173
6017	12	70
5343	17	226
1847	10	173
2707	1	13
1426	4	221
4581	12	187
5549	15	257
4051	16	269
4588	6	281
1817	1	24
500	3	160
2972	12	70
1811	3	86
6473	8	139
2200	1	10
1386	2	55
707	6	97
1101	2	55
2172	6	282
609	3	215
682	6	282
1775	8	232
1021	15	260
2772	8	142
281	8	232
4779	4	221
7544	4	250
2901	8	232
2155	8	129
3944	8	232
3150	8	232
1770	6	208
2697	1	10
2904	8	232
314	8	141
4191	4	199
2003	8	232
3685	6	282
663	4	219
1828	6	208
4236	8	146
388	4	221
5469	8	232
3328	8	151
9923	8	232
2606	4	221
930	8	232
856	6	281
4223	8	159
2540	4	221
305	8	141
2192	4	99
287	2	55
1935	8	136
1122	4	221
3794	4	221
1378	6	282
4927	15	260
934	4	219
1057	8	154
1326	2	55
23987	3	87
901	8	232
5224	8	232
1981	8	141
67	6	161
2396	8	137
461	2	55
1696	8	232
376	8	137
4241	8	146
5756	8	134
2441	6	208
3132	6	208
1159	4	221
3768	8	232
1285	8	129
638	6	2
172	8	132
356	8	141
6989	4	199
1934	8	137
1985	8	141
2325	6	161
5220	6	208
967	15	260
1943	6	97
537	4	221
1789	6	208
4482	8	141
1219	4	99
382	8	232
1551	8	141
22747	3	87
92	1	20
12868	14	38
785	4	219
732	2	121
1821	8	141
4076	8	150
1876	3	160
1191	4	221
12971	12	205
10860	1	16
6653	4	199
910	2	30
493	8	46
1629	8	136
95	15	260
3769	8	232
3740	6	114
2049	6	113
213	2	55
1157	6	221
832	12	205
522	2	121
2433	10	169
4102	17	217
2108	8	232
3625	12	201
1706	12	194
6858	12	197
20834	6	245
3159	17	262
5720	2	55
3071	12	184
843	3	76
1552	16	265
1260	15	259
3743	8	232
1131	2	55
2384	3	85
6768	14	38
9008	4	250
7101	15	258
181	2	55
2924	14	104
1472	6	276
5849	8	149
2709	8	232
6214	2	55
1082	4	221
3379	11	174
3501	3	85
2636	17	4
5101	2	55
6226	6	161
89	11	174
4519	12	201
926	2	121
6271	14	38
63	11	57
2637	17	226
4509	8	232
396	6	281
3333	2	67
606	8	146
2470	3	86
13166	12	201
160	2	67
3618	2	55
16272	3	77
1310	2	55
4895	12	205
11234	18	279
16978	12	197
21961	12	201
938	12	193
6931	14	38
3881	3	92
5332	12	197
1709	11	57
4463	12	190
1499	14	33
699	2	66
143	15	260
511	6	114
4769	6	208
5929	18	279
276	2	55
4169	3	160
4364	6	208
3374	6	161
4177	14	38
3914	12	190
1873	12	201
1327	12	205
2847	3	90
258	14	104
6280	12	205
1807	8	141
2590	1	10
293	1	24
1469	12	205
1854	12	201
1289	14	167
17933	12	201
4355	12	205
14172	15	257
2327	6	161
900	17	4
1587	12	194
2190	2	55
1304	12	205
9093	12	201
1245	14	167
4718	14	104
1993	3	160
10647	12	201
1280	12	184
320	3	95
2939	17	226
2364	14	104
11663	18	279
8065	15	257
6598	18	279
1375	2	55
5615	12	201
795	12	197
15712	12	201
1391	1	26
9464	12	201
2059	12	191
3888	18	279
194	14	104
6664	14	36
5992	4	199
484	12	205
4656	12	205
10586	12	201
2902	12	64
12912	14	38
1462	6	282
11350	12	201
1296	3	85
1687	8	31
5457	15	258
5934	18	279
7149	8	144
9972	15	258
6702	18	279
4248	12	201
2026	12	205
3334	3	95
3170	15	257
7542	6	161
649	12	194
1324	15	259
4287	2	30
19075	14	167
3545	18	279
920	14	104
16442	15	257
19316	12	201
12344	12	205
5346	18	279
5897	14	122
5608	12	201
2930	14	36
1907	3	160
4885	14	38
988	1	10
8563	6	273
1011	1	10
1898	10	168
9597	12	201
7617	16	121
2927	14	104
8245	18	279
1146	3	160
11301	12	197
3269	18	279
1774	3	76
5182	3	85
10047	3	96
673	12	184
411	3	76
3927	12	197
984	3	160
1567	12	194
9107	4	199
3968	12	201
812	14	104
5633	12	201
3049	3	85
2513	6	161
2785	12	205
3337	4	274
1787	14	104
1746	12	194
3225	12	64
2448	12	184
3628	12	194
4385	8	130
3704	14	167
407	15	257
6098	12	201
4436	3	94
9476	12	190
1830	8	132
23537	14	220
13735	14	38
5883	3	215
2635	12	205
977	12	194
10930	14	104
5933	1	16
561	12	205
1364	3	86
1509	11	57
1339	12	205
8381	14	38
13839	12	205
3147	4	221
1055	12	201
3787	12	184
11613	1	16
1337	12	205
536	17	125
7604	18	279
1486	14	104
10119	12	201
661	2	55
3162	11	57
142	14	104
3154	12	201
6197	18	279
654	16	270
3168	17	182
5977	16	270
409	8	157
805	12	201
14013	14	167
1547	12	205
1481	3	76
874	4	99
2753	12	201
3418	15	273
1479	14	167
7083	12	201
17629	14	104
999	14	36
1822	16	264
4163	12	201
1153	4	221
3331	2	66
6398	15	258
134	6	114
4184	12	184
3615	12	184
247	12	187
459	3	160
1347	8	151
9585	3	96
5461	12	205
1915	14	167
7838	12	201
4368	14	104
19983	14	36
1355	12	201
2797	14	102
3381	12	184
5670	3	76
398	3	76
4674	12	184
7957	12	201
4024	15	259
431	17	125
749	15	273
1542	12	194
3922	17	217
64	12	194
3949	12	190
6627	8	130
1344	14	36
5047	18	279
2622	12	201
4041	6	114
12913	18	279
6123	12	201
11447	12	201
1288	10	170
2278	4	221
13591	6	161
3676	15	257
6491	12	184
3755	12	197
472	15	273
4566	2	30
4799	12	194
6788	4	199
15602	12	194
6202	14	33
3472	18	279
52	12	184
16440	18	279
15253	12	201
15505	14	39
2504	15	259
1247	14	33
677	11	177
1352	14	38
7223	15	258
2717	12	204
166	3	160
1582	12	201
7522	4	199
593	12	201
4827	12	197
3172	4	250
1292	12	205
7678	12	194
1991	3	76
7315	6	97
972	11	175
3371	12	194
10024	12	201
5980	3	160
4886	14	38
406	11	57
3796	12	201
10793	3	96
8083	12	197
5214	4	221
3972	17	4
5485	18	279
1711	4	221
1460	16	264
447	12	184
1430	4	250
3731	3	83
2987	3	160
2302	12	201
3443	12	201
697	12	194
4630	12	197
1248	10	170
2497	14	33
4203	6	114
2133	12	205
659	8	151
5579	11	179
1485	8	31
8048	12	201
6668	15	258
7919	18	279
2529	14	102
21472	12	201
2407	18	279
12029	3	96
4530	4	199
20035	14	167
10129	14	212
1166	12	205
6583	14	122
5994	12	201
2212	18	279
6817	15	257
2888	15	258
985	14	104
9918	17	226
71	15	258
9454	12	194
2592	12	205
10801	4	199
4043	1	28
1662	8	151
18256	2	67
5483	17	182
915	14	36
10654	12	184
10126	14	38
1370	14	167
2555	12	205
12066	12	201
4910	14	104
5975	12	201
21207	15	257
6317	6	114
11361	12	201
12666	12	201
3055	12	201
11938	12	190
12234	14	104
5438	12	201
5398	15	258
7057	14	36
2277	3	85
5240	18	279
7445	4	199
3375	12	205
3556	6	282
1070	11	179
19411	17	182
4459	12	184
1772	16	270
374	3	76
14214	12	194
6193	15	257
1484	14	36
6699	6	114
596	12	205
5130	12	184
2116	12	184
5201	14	104
1517	11	57
8607	12	197
15189	15	258
5952	15	257
4992	12	201
727	12	187
1063	12	185
582	12	205
3190	17	182
5558	12	201
8017	12	197
9601	14	38
3271	18	279
14333	12	201
15513	3	96
3700	14	102
4689	8	130
7925	15	257
9807	18	279
2935	12	205
790	11	175
4823	4	221
5285	18	279
7444	12	205
11998	14	167
10074	14	104
12098	12	184
633	17	275
1569	14	33
9623	4	199
784	17	226
359	17	217
5561	10	168
7467	12	197
17660	12	201
10946	12	201
5645	14	167
554	8	132
8555	18	279
13784	15	258
6602	14	104
15991	12	194
4640	12	201
2541	4	221
7454	17	182
3675	4	199
4195	14	104
12755	12	201
1176	4	221
9680	12	201
973	12	205
11553	12	201
7770	14	167
2267	14	104
2465	15	259
442	1	10
15652	12	201
4377	14	102
10495	17	182
10555	12	201
4339	3	76
18785	14	104
3739	15	258
3584	4	221
5162	6	114
6977	12	205
1488	8	31
97	14	102
2598	14	122
1581	14	104
385	17	275
36	14	104
2137	14	36
5699	6	117
1679	3	76
3920	4	199
2176	6	208
1354	12	194
618	3	76
1319	10	170
3186	12	201
1740	12	197
4054	8	151
4094	14	33
1182	12	205
7931	18	279
774	12	64
1986	12	194
1973	8	133
3697	16	270
3691	14	36
1323	12	201
3959	8	148
451	3	160
1500	12	194
390	8	130
3781	3	85
839	3	92
3128	18	279
53	11	57
3712	12	201
5160	12	201
35	4	221
2308	6	114
2776	12	197
3956	12	197
5887	17	4
11617	12	197
12	12	64
2589	12	205
907	14	36
1962	4	221
7282	12	201
676	12	184
4891	12	194
2584	12	205
4831	4	99
3838	8	130
1902	3	95
65	8	151
2	12	184
5528	14	36
3491	1	7
3426	12	194
8727	3	94
13754	3	90
2585	6	117
10916	18	279
600	10	170
776	15	260
6896	18	279
1702	12	194
140	14	104
3756	3	76
249	11	175
6887	12	201
2027	14	102
3619	12	184
3786	12	184
11554	12	201
8315	18	279
1648	15	258
5491	12	201
4416	12	197
4770	12	197
594	3	76
2535	15	258
2207	18	279
12876	12	194
6852	4	221
476	12	194
5590	11	57
4686	14	104
4431	14	122
3213	14	104
1760	16	270
4520	12	197
10693	14	212
6599	18	279
5820	18	279
12326	12	197
20079	14	102
8743	14	104
2211	18	279
433	16	270
2417	15	258
7260	12	201
20487	14	104
3657	1	7
5532	8	141
2140	12	201
4272	17	214
3901	12	194
12444	14	104
4921	15	260
2977	12	205
13109	12	201
3385	12	64
3541	14	36
381	3	88
4298	12	184
6889	17	226
1590	14	33
3034	4	221
4487	12	197
203	3	76
18953	15	258
4074	14	104
1570	12	191
2793	17	275
154	3	160
1728	12	201
16976	4	199
1850	12	201
7446	12	184
14366	12	201
2978	12	205
2315	15	258
252	12	205
185	12	201
5988	3	88
14972	12	184
5459	14	104
6873	14	104
12300	14	33
883	4	99
691	3	76
11210	12	184
358	3	76
2202	1	10
1440	4	99
4483	12	194
5512	12	201
550	6	282
5616	15	258
16112	1	16
5569	8	138
5129	12	201
1446	14	102
4834	14	36
20	3	87
2929	6	161
614	4	221
8002	12	201
9837	12	201
2686	14	104
2619	18	279
1287	4	250
13022	3	96
3682	11	57
4121	17	182
2911	17	275
4033	6	208
2597	8	148
4134	14	36
5535	14	36
2403	18	279
8941	14	122
486	12	187
5126	14	36
13521	12	201
4306	12	194
12227	17	182
2595	15	258
5044	14	36
997	12	201
2638	14	122
9161	14	104
2522	4	221
3876	18	279
1042	10	170
3122	12	201
3376	12	201
7840	12	201
11169	4	199
10494	17	182
9317	12	201
7997	18	279
1588	12	184
1522	8	130
1398	2	55
11651	18	279
4634	6	114
10028	2	66
4179	14	38
14986	8	148
864	4	250
1880	12	201
1968	3	160
6304	18	279
16586	1	7
18111	14	167
1156	4	250
8651	8	148
21333	18	279
3547	3	87
7845	12	201
24	14	103
9143	3	94
3494	1	28
13445	17	182
2527	14	104
492	1	10
9791	17	182
8072	3	94
233	14	104
1060	12	205
15905	14	167
13203	12	201
4939	12	197
2287	14	104
5048	8	136
1872	3	160
15383	12	201
10486	1	16
4231	12	201
1106	10	173
1031	3	74
6517	14	110
6199	4	199
9381	12	194
5926	16	270
3638	12	184
6159	12	190
2423	12	184
1810	4	223
1940	12	183
639	3	160
1924	8	232
4370	11	57
353	12	64
9878	14	104
2667	10	170
7385	17	217
7644	12	201
1482	14	36
8634	12	201
7293	18	279
4635	6	114
4361	12	201
23059	14	220
6347	15	257
6574	12	184
11292	3	75
758	12	187
6381	6	114
7842	4	199
2662	17	217
1892	4	223
6285	3	88
1571	12	184
24574	4	250
3948	12	201
113	10	168
286	12	201
615	12	201
19013	14	167
5427	15	258
2145	6	97
4564	11	57
3785	14	104
1535	12	194
3257	3	94
13110	12	190
195	15	273
108	3	87
17533	12	201
1032	6	114
105	14	33
9696	14	104
2222	15	258
3468	12	201
730	14	102
12238	14	165
8653	14	104
4636	17	4
1996	14	104
383	4	223
3727	4	199
11829	18	279
8952	8	148
5371	14	105
1020	6	162
244	12	197
3391	12	201
11046	3	85
13446	14	104
3653	12	197
11129	3	75
11373	12	201
13882	17	182
434	12	64
9794	12	201
3167	12	64
1584	12	201
22339	12	194
17026	15	257
2745	18	279
803	16	270
2921	6	161
1173	12	194
1623	1	7
412	14	104
8576	18	279
10979	12	201
634	3	160
1618	8	132
4839	11	179
8929	4	199
13363	14	102
3428	12	194
642	11	175
7353	15	257
545	8	232
1154	2	55
164	3	160
7632	3	242
13645	12	201
2247	14	102
5473	14	104
6746	14	122
852	12	194
11225	14	38
18815	12	190
351	15	272
4888	12	201
936	3	76
152	1	17
1397	8	130
2276	12	201
5996	4	199
138	16	270
5795	14	167
5619	12	201
2510	12	194
1262	4	99
4035	12	197
1577	12	205
104	8	130
17796	12	191
15040	15	257
122	8	151
8820	15	258
125	14	38
751	12	205
6772	14	104
8652	14	167
2582	1	10
1487	3	76
10573	3	96
3708	4	221
9040	1	16
5464	11	179
10168	12	194
1529	14	38
1504	3	160
971	1	7
9985	12	201
15514	4	199
12143	12	201
2455	1	10
13245	14	104
8655	12	190
14847	18	279
12677	12	201
5489	18	279
989	8	132
1135	4	99
6168	12	197
8556	3	75
9039	14	165
10950	12	201
1691	12	205
3713	4	199
3925	14	165
5329	14	167
5779	12	190
6888	12	196
4301	12	197
6786	14	102
4280	12	197
267	12	187
3627	11	179
297	16	270
2305	12	194
980	16	264
1653	12	201
16809	17	182
16030	12	201
2261	14	104
4295	12	185
121	12	205
8267	12	201
20975	17	182
12665	18	279
1573	12	64
6400	14	36
4716	3	85
5671	3	94
7226	18	279
3373	12	64
15381	12	201
3247	14	38
12124	8	130
215	15	258
11552	12	205
3405	14	33
12820	12	194
9946	8	130
7313	12	201
508	17	214
2314	15	258
15833	14	38
753	8	151
16443	12	201
211	14	104
1505	12	205
6229	12	197
4713	18	279
1737	8	130
9174	14	104
1195	12	201
7368	14	38
3588	3	87
963	15	259
2524	3	76
3215	12	201
4880	12	201
6826	4	199
228	12	201
9766	18	279
9986	14	167
1263	12	201
3869	12	197
7058	3	85
126	12	205
585	16	264
11093	12	194
2551	1	10
5030	17	4
115	14	104
8254	14	104
12117	12	201
9638	8	138
7178	15	257
4447	14	104
2962	12	197
1303	12	201
17327	14	167
14957	14	236
4381	14	102
7032	15	257
3253	14	212
479	6	97
4363	12	201
2702	4	199
8176	14	104
4584	12	191
22122	8	154
4952	12	197
1601	12	205
719	4	274
6082	12	201
5640	12	201
10686	12	184
16685	11	179
6231	12	197
6647	12	197
6228	12	194
8717	16	270
2317	14	33
932	6	208
3703	12	205
8378	3	94
3457	6	282
6615	14	165
1213	14	102
4080	14	33
3658	1	7
17672	12	201
2447	17	4
996	8	130
10345	17	182
8950	14	104
607	15	273
1401	12	201
8491	12	201
1270	6	282
2996	12	201
11799	12	201
13139	14	104
3960	12	197
5536	18	279
1893	10	171
18665	12	201
2839	14	104
3597	14	104
5827	12	201
4506	8	232
9312	12	201
733	12	184
12001	12	201
9615	14	220
2536	14	102
7577	14	102
3978	15	258
1958	16	264
13406	12	201
2163	15	273
4760	12	201
4267	12	184
952	8	151
6871	12	194
948	4	99
13658	12	205
720	4	274
1583	14	104
13709	1	16
421	1	16
15086	12	201
12195	14	33
9346	12	201
5634	3	96
2499	3	160
1305	14	104
5957	12	184
5293	3	94
6067	8	130
8417	15	258
3917	8	130
11798	4	199
2990	15	257
1855	3	160
9318	1	16
1030	12	205
391	14	167
3029	3	92
943	8	232
8750	12	190
12443	4	199
1209	1	16
11976	15	258
9647	12	201
11739	18	279
3087	3	160
18711	4	283
9480	11	179
1365	3	86
4344	11	179
15438	17	182
2520	12	64
7619	18	279
3735	12	205
10180	12	184
1649	12	205
334	17	275
1218	12	64
9084	8	130
744	12	184
745	12	184
2264	6	97
311	16	264
2487	17	4
12966	18	279
2495	6	2
1387	15	255
3205	12	201
7075	18	279
5782	3	96
6390	14	104
10789	12	197
5924	4	199
9070	12	201
2530	4	223
332	12	187
17907	18	279
2476	12	201
2512	14	33
16581	15	258
14922	15	258
1574	12	191
1411	3	85
18335	17	182
650	16	264
914	15	259
10208	8	130
6357	12	194
21450	3	96
560	4	99
206	4	99
10701	15	258
12395	4	199
4182	4	221
8819	12	197
2258	6	161
2623	18	279
177	6	114
1396	3	79
2752	12	194
902	3	160
5132	12	184
4103	14	33
14001	14	104
261	4	99
299	8	130
4296	6	282
5466	18	279
1548	16	264
96	8	130
12882	4	199
4145	4	199
11103	12	201
22125	14	33
2422	17	4
7813	14	38
9608	3	95
2029	12	191
5708	12	184
9342	14	104
2688	12	201
9345	14	104
3188	17	4
2335	6	161
3274	12	197
19113	15	257
4305	12	201
1941	12	205
13252	18	279
3524	3	76
15144	14	102
4439	4	199
3446	16	264
2038	12	191
3822	6	114
3967	12	201
1806	12	194
7093	18	279
9071	12	201
1282	8	276
4300	12	184
9886	14	212
2142	3	76
15956	14	104
1351	12	184
3903	12	194
2844	14	33
2346	14	104
265	14	38
2820	14	110
464	4	99
3841	3	96
6343	12	194
4012	6	97
1827	14	33
7377	12	201
437	16	270
3473	4	199
1725	8	148
6700	6	114
2283	8	232
1759	11	175
316	8	151
7492	14	36
10568	8	138
1668	12	205
1797	12	201
275	8	151
15428	14	167
713	8	136
13585	12	201
3921	12	64
13518	12	184
990	3	85
6213	1	22
2071	12	191
4243	14	110
3636	6	114
2086	8	130
2253	12	194
2653	3	76
5542	17	182
764	1	16
12088	12	201
8400	14	104
2456	14	102
1448	6	114
4963	10	170
2066	12	205
2500	12	194
1183	14	104
1338	3	76
13005	1	7
1165	12	194
1510	3	95
7406	3	85
2840	14	36
1978	11	179
1782	17	182
21229	15	257
6447	14	102
5652	4	199
12342	11	179
1673	14	36
2802	14	167
4218	4	199
13403	12	194
3089	1	10
880	12	205
4664	4	219
21509	14	122
2604	17	4
9042	14	104
5654	12	201
11690	12	201
5215	15	259
2374	12	197
7081	12	197
5499	10	172
4093	14	33
2472	17	125
8067	12	201
12107	12	201
102	11	175
796	11	179
11585	12	190
624	10	170
114	15	258
1269	12	205
1712	14	122
5908	12	184
801	10	168
9959	14	122
5286	14	102
14915	12	201
7314	8	130
1899	6	114
12754	12	201
9503	12	201
4138	14	167
1903	17	217
10274	12	201
3390	12	201
1714	1	26
8617	2	67
19390	1	16
3448	3	160
4471	14	236
420	14	102
14059	14	104
3514	4	199
1788	6	161
827	15	259
8830	15	257
9933	12	201
909	1	26
327	3	76
5041	14	36
1320	15	260
838	12	201
6566	12	201
1003	6	114
1549	14	105
4142	6	276
4877	12	201
3043	4	219
11523	12	196
193	6	208
2599	12	184
666	12	205
23487	3	96
7277	12	201
7019	12	184
1023	12	201
5669	12	201
5040	14	36
9344	14	36
9932	3	85
10725	4	199
4889	14	102
1419	3	75
10615	3	96
13488	14	38
3568	12	205
11691	14	36
4675	10	168
4559	3	76
9450	4	221
3606	15	258
3823	6	114
2249	12	194
1331	4	221
4824	6	114
1052	12	205
7222	4	41
6781	14	167
6968	14	33
8041	14	33
875	12	201
3467	12	184
2944	14	104
3024	4	199
3759	17	125
1136	3	160
3231	12	64
263	12	194
6255	14	167
780	12	184
11458	14	104
6372	18	279
6970	12	184
3647	15	258
3045	12	194
1412	14	104
3239	12	197
3778	12	184
3857	6	161
1731	12	194
150	12	205
2334	6	282
813	12	205
3589	16	270
7245	12	201
947	12	194
8380	14	104
3877	3	87
632	12	194
858	6	117
116	12	201
10951	14	104
4137	14	33
9038	14	165
14188	4	199
636	17	4
6258	14	104
12779	3	75
5476	4	199
34	18	279
20666	17	182
5580	12	184
1377	15	258
10778	15	258
2320	12	205
4994	12	201
886	12	205
7251	11	179
887	12	205
10011	14	104
4262	12	201
3941	14	102
7097	4	199
620	1	23
2206	18	279
3701	14	102
6766	12	197
22205	12	201
2290	12	205
5366	14	102
7891	12	184
3258	14	33
18291	12	201
1698	12	201
941	12	205
587	11	179
3306	12	197
17818	15	257
386	12	205
3113	4	199
2827	11	57
9834	12	201
7641	3	94
44	3	160
1008	12	183
11069	17	182
6445	16	270
2437	17	275
5789	8	130
1520	12	205
3004	16	264
4620	3	85
342	1	24
12100	12	201
1199	12	201
3854	14	104
3639	6	114
12329	14	38
7543	6	114
9610	14	167
5059	14	102
11051	12	201
135	12	201
5391	12	201
4371	12	201
1842	12	194
5643	12	184
4932	3	87
167	14	36
9810	12	201
94	4	199
124	12	201
13606	14	102
3431	14	38
1680	6	114
1300	15	272
3165	12	201
4822	17	4
14746	15	257
10813	15	257
1418	14	104
18345	12	201
417	12	187
2583	12	205
15465	15	257
350	1	10
5540	12	197
16655	14	38
11705	8	130
8174	12	201
255	1	15
4308	12	194
7082	12	197
12152	15	257
6057	14	33
6732	12	201
12401	14	167
3670	18	279
4226	12	184
3327	14	39
586	12	205
3412	1	7
6297	12	201
5439	16	270
235	11	179
5156	12	201
201	3	160
7593	3	76
10351	18	279
6713	14	104
179	12	205
223	17	4
4757	14	36
777	12	201
146	14	165
4728	14	167
7077	4	99
2210	4	99
2484	3	86
345	1	16
51	12	201
1650	12	201
8081	3	75
8769	12	201
3060	11	179
656	12	194
3466	12	201
9194	14	104
3604	14	122
2490	3	215
3387	12	201
890	12	64
14409	14	167
328	12	194
10148	12	205
9653	18	279
5480	14	122
6306	12	201
5045	12	201
3906	12	64
4366	17	226
4259	12	201
9305	11	179
2285	6	161
1034	16	264
12703	1	16
170	8	151
2282	6	161
5268	14	36
1095	3	76
8995	18	279
315	1	7
877	4	99
2041	3	86
3868	12	194
3911	12	201
1208	14	33
991	14	36
1212	12	194
5904	3	76
2301	12	205
2515	14	122
844	12	201
12539	8	130
17414	11	179
10524	12	201
4031	12	194
11105	12	201
13598	12	197
9622	12	194
10591	12	201
2971	12	197
3761	6	161
13494	11	179
931	12	64
3131	17	217
908	8	151
11864	15	258
7056	12	201
3496	11	179
5382	4	250
1415	4	221
11005	12	184
5219	12	194
2841	12	205
2404	18	279
3080	6	161
2237	12	205
5453	6	282
6485	14	36
3650	12	197
1506	3	160
4116	12	201
355	14	122
5783	12	201
1794	10	170
7376	14	33
1007	3	87
364	12	201
2198	15	259
4175	14	33
608	1	16
16345	14	38
12356	14	104
4804	14	104
9232	12	190
3572	17	275
8260	17	214
3025	15	258
590	12	194
10525	14	220
20790	12	201
12809	14	104
397	12	201
1686	12	184
483	3	160
5468	8	232
3171	6	114
1197	3	86
1717	6	114
2673	14	104
5317	12	201
667	17	4
9796	10	169
343	12	205
7299	12	201
321	8	151
5959	17	182
148	8	130
11787	14	167
13055	11	179
2742	1	16
7929	12	201
3432	12	184
14407	12	194
6004	18	279
617	14	33
4522	18	279
2532	14	102
3355	14	36
14213	12	197
3061	14	33
4887	17	275
584	14	36
12521	12	197
4022	14	104
579	12	201
4512	12	197
8384	12	184
5657	12	191
1901	3	85
515	12	201
212	14	105
9340	4	199
8635	12	201
4936	12	197
2665	18	279
7080	6	161
802	3	160
3671	12	194
245	12	184
6878	12	197
4032	12	194
702	15	272
9075	12	197
1733	6	114
3393	12	205
3222	16	270
344	12	205
4048	4	221
111	14	104
14947	14	33
22	4	250
1420	14	110
145	12	205
2822	16	265
17536	17	182
13332	14	38
14089	14	122
368	6	2
756	15	124
335	12	194
637	12	184
3409	14	38
14016	11	179
75	15	258
6701	12	201
2101	14	122
21359	12	201
3348	12	184
798	12	201
1575	8	151
3149	12	194
3276	12	194
683	12	184
5518	14	167
1523	6	282
10415	15	257
2068	12	205
5133	17	217
333	12	194
46	1	7
1897	6	114
13069	3	160
3634	11	180
4729	3	85
13704	14	104
8734	12	194
610	12	201
8729	12	201
3447	14	104
12410	11	179
1777	12	194
15156	3	96
107	15	261
2313	4	221
3629	12	194
1405	3	76
7112	12	194
2424	3	74
12086	12	201
4711	15	257
2083	14	104
12339	14	33
2410	18	279
3689	4	199
3575	4	199
6734	3	96
6894	11	179
6541	4	199
7128	12	197
12795	15	257
647	8	151
324	1	16
3296	14	104
628	12	201
1808	3	160
1661	14	36
2298	12	184
19468	14	104
1906	12	194
8308	12	184
8831	3	96
17344	4	223
5852	12	201
13730	3	96
10154	14	104
8000	3	96
16948	1	16
298	8	130
6655	12	194
6342	3	85
7631	14	102
4750	14	33
4762	12	201
652	6	282
1187	12	201
375	12	184
2345	8	133
4499	14	236
5533	12	196
23314	12	201
4553	1	10
2550	1	10
2751	1	23
2824	15	258
1975	14	104
3702	14	102
1672	12	184
7748	14	167
7634	15	257
6785	15	258
21669	14	38
5703	12	194
1684	14	122
5440	12	184
1107	16	264
6629	14	104
2324	1	16
3118	12	205
3195	12	201
9353	12	201
4255	18	279
8720	14	236
1963	14	102
1098	8	130
14618	14	102
60	3	160
8768	18	279
2241	3	215
377	1	10
810	12	205
5504	16	270
8333	12	194
11932	15	257
822	8	149
1742	12	205
6721	8	138
2289	12	70
788	14	102
11256	18	279
2244	12	194
12959	16	270
10563	12	184
9609	14	36
2617	4	199
2310	6	114
7652	12	201
7389	12	201
15856	12	197
2837	10	170
6392	14	104
11408	17	182
1399	3	85
1445	12	201
2502	12	205
7694	12	197
13077	3	96
7654	12	184
7988	16	270
3626	12	205
13141	14	104
1400	4	221
2295	12	197
7004	12	201
5802	6	114
6616	12	201
1839	14	104
7696	12	197
15436	12	201
789	11	175
684	3	76
4321	12	184
9470	12	194
4333	12	184
675	4	99
14543	4	199
2115	17	4
3908	12	201
9767	12	201
423	14	167
4735	4	199
3517	12	184
3221	14	104
10958	8	154
3518	12	184
4486	14	104
1909	14	36
1130	16	264
3307	12	197
13604	14	102
283	12	184
7934	12	190
680	11	57
10414	14	105
520	12	190
12142	18	279
14034	12	201
13004	1	7
1206	3	76
1417	16	264
1800	18	279
6117	6	282
13599	14	102
2846	17	226
8554	14	167
7205	12	201
4953	12	197
5080	1	16
3965	12	184
7118	12	194
2312	14	38
6714	14	104
4803	4	221
13207	18	279
716	3	76
15301	1	16
6954	3	76
1295	1	15
2661	17	182
2034	12	191
5403	12	194
621	12	205
5384	14	33
602	12	205
1713	12	201
11506	12	184
4133	14	102
3515	1	16
307	3	86
2380	12	191
4829	14	104
4230	12	205
2469	14	102
14271	12	197
7243	11	179
4081	14	33
5082	14	104
1230	2	67
1179	4	99
3987	12	184
7481	15	260
6812	2	66
3958	12	197
15041	14	33
4432	12	191
6072	4	199
2262	14	104
10476	17	182
475	15	258
7177	4	199
2214	8	157
1029	12	184
12102	3	85
2621	18	279
9336	12	201
1682	12	184
2486	12	194
7129	17	182
10708	12	190
392	2	55
18216	14	104
8600	14	102
10272	12	194
16626	12	201
73	6	208
4422	12	191
1151	14	36
278	1	7
8961	14	38
2459	17	4
14183	12	201
17789	12	184
10417	14	104
19	3	160
1014	12	201
7362	16	266
1293	2	66
1341	12	201
3673	12	194
14827	12	201
8112	1	16
5729	3	95
13603	14	38
4700	14	122
5381	12	194
4845	3	88
6895	1	16
4189	12	197
538	12	201
565	16	271
22517	12	194
9576	12	205
415	3	160
2634	12	205
5751	18	279
4429	12	197
6068	14	104
13844	18	279
3861	12	201
141	3	86
1353	16	264
3633	15	259
15475	17	182
12240	12	201
11760	18	279
7360	14	104
6320	14	122
8848	14	104
1357	15	258
7089	3	95
1722	8	151
5557	12	201
2286	12	191
4491	17	182
10142	17	182
4489	12	197
10057	4	199
4947	12	197
2265	12	205
15289	8	147
2968	12	205
3710	14	104
11121	15	257
13810	1	16
18896	12	201
8791	1	7
6774	6	114
14630	3	85
23258	14	104
1838	16	265
23339	14	102
3151	14	104
17704	1	16
1134	14	236
9826	18	279
1923	14	104
17483	12	194
2263	14	102
2873	4	223
4747	6	161
1368	3	160
5555	18	279
3715	4	199
2099	14	33
3549	17	4
3999	8	130
15625	14	104
8438	8	130
7668	14	104
11355	4	221
2110	12	184
10722	17	182
10652	12	201
7204	2	109
8654	12	201
2690	12	184
4801	12	64
2491	6	161
1498	15	273
10153	12	194
6576	11	179
3112	16	270
14094	17	125
363	14	104
835	12	205
9185	18	279
1372	12	194
1834	4	223
13991	8	130
5127	12	201
3905	12	194
3383	12	194
4293	12	201
5780	8	130
1982	4	221
277	4	99
2135	14	104
4025	3	160
20202	14	212
2274	6	161
8896	1	16
4622	12	191
1865	8	157
4987	12	201
4123	12	201
4353	12	201
6820	12	205
1012	14	104
5707	12	191
20110	14	122
1177	8	276
17552	11	179
1977	8	150
4194	17	217
7814	3	88
1976	4	221
1149	4	221
1586	12	201
4346	12	194
15824	14	36
151	11	175
9931	12	184
1366	15	258
2721	14	36
3062	12	201
2111	6	114
5681	1	16
918	8	130
9749	14	122
13656	15	257
6008	12	201
5023	14	104
9241	3	160
2652	15	254
8074	12	201
11193	12	197
2146	1	16
248	1	7
16688	12	194
16663	3	85
318	3	76
3512	4	221
10016	17	226
12192	14	104
4929	12	197
6711	12	184
1971	8	141
2072	18	279
8489	14	33
3293	14	104
8338	12	194
17814	18	279
6716	12	201
5768	12	184
3085	4	221
12148	12	201
1382	11	175
1102	16	264
11854	12	201
15836	12	201
1050	12	194
367	12	187
5142	17	4
542	6	281
998	3	76
2120	12	194
6478	14	110
2850	12	201
2693	6	161
2710	12	205
15014	1	16
15912	12	201
1874	12	201
9682	17	226
1831	12	194
3497	3	76
14388	12	205
9832	8	130
13351	14	102
4621	14	36
18559	17	182
13850	14	36
1259	12	194
1890	6	114
3013	10	168
2196	12	205
144	12	201
4470	12	196
748	12	194
3904	12	194
16040	14	36
17503	14	104
19903	8	130
2708	12	64
4038	14	102
2954	12	201
1652	12	201
404	12	184
5524	6	114
2021	1	16
3270	18	279
1896	6	2
17942	12	194
12239	12	201
4234	12	201
389	4	274
8828	18	279
6344	12	201
17041	12	205
14753	14	104
4390	12	201
15998	14	104
5292	12	197
8490	14	104
3133	15	258
1330	15	258
7088	12	201
3324	12	194
5993	12	201
2292	12	197
2979	15	259
7763	14	102
1141	4	219
6991	14	104
410	12	201
4532	18	279
28	17	182
726	12	184
2229	12	201
3189	17	125
4708	12	201
970	1	22
2475	8	147
11018	14	36
4623	12	191
1492	12	194
10244	8	130
1944	2	66
4143	12	201
664	12	197
11263	12	201
2669	18	279
4260	14	36
2418	14	104
3070	12	201
7441	14	102
156	3	160
12617	14	104
5376	12	201
336	12	194
9481	3	94
2091	12	201
1202	6	117
4202	10	170
3044	6	97
3598	11	179
5578	4	221
15405	4	199
5709	3	96
670	14	36
3378	12	184
5113	14	33
1983	4	199
4027	16	121
399	12	194
10177	3	96
503	4	221
4156	12	205
4440	12	201
2124	6	281
3244	14	38
3263	14	33
2980	12	205
1579	12	191
3421	4	41
8084	12	197
16019	12	197
15197	15	258
1654	12	194
13242	17	182
291	4	219
6030	14	36
1454	6	282
1308	17	275
2323	6	161
9073	14	236
1989	4	221
1160	3	85
8340	14	102
6095	12	201
400	12	184
1284	4	221
1461	17	226
7615	12	184
8748	12	194
4627	12	197
14360	14	104
752	12	187
8432	12	201
2684	10	168
10937	12	184
12653	12	201
1660	12	205
13760	12	197
3766	14	102
4369	2	66
15110	11	179
4167	12	201
4150	12	201
2252	15	259
1491	17	226
9536	18	279
7345	3	75
12147	12	194
1243	12	201
7403	17	182
4773	3	85
6405	12	201
3018	15	258
3660	14	104
6666	14	167
15471	17	182
9735	14	104
3223	12	70
6814	1	19
10373	14	122
665	18	279
3573	17	182
175	3	160
6248	14	33
9651	12	201
2047	12	194
2650	8	148
2482	18	279
4399	12	190
3806	15	258
5588	14	104
10248	12	201
1321	14	102
14308	12	201
7786	14	104
198	15	258
7113	12	197
2715	12	194
15896	14	167
1255	4	221
4657	12	184
14124	6	161
2505	4	223
2307	12	197
9283	14	38
1598	14	38
9062	12	201
1589	12	205
6911	4	199
571	12	194
3082	3	76
1936	3	85
12191	15	258
11353	6	97
11710	3	75
6761	12	184
1361	15	258
11439	12	190
1004	3	215
2492	12	201
5538	18	279
1593	14	104
8619	12	197
3815	12	205
370	12	194
16914	14	104
3130	12	64
16350	12	201
303	12	187
2719	12	194
19459	12	201
3937	12	184
2085	12	194
1413	14	104
2493	3	85
4752	8	138
6993	12	194
5673	14	104
6339	15	258
2514	4	221
3961	12	194
149	14	33
3763	12	201
597	16	251
7750	12	205
2238	12	64
2481	1	22
1054	3	160
1531	12	197
6340	12	201
1796	12	201
7191	4	199
5700	12	64
1553	12	64
13975	14	36
9533	16	270
372	6	282
1489	6	276
2453	1	10
17006	17	182
4115	12	201
2073	14	104
4036	12	201
3054	12	201
1718	6	161
147	11	176
1009	14	104
1139	4	99
3596	18	279
1994	14	104
16969	14	104
6692	12	201
2250	14	102
3933	14	165
2355	12	190
220	14	36
17802	12	197
1824	14	36
338	12	194
16438	11	179
11650	14	102
2799	3	88
3486	12	194
655	3	86
2002	6	282
2537	15	258
1085	14	102
18066	17	182
9745	17	125
5656	12	201
4798	12	201
91	12	193
8273	12	184
1729	8	141
3907	12	64
5890	12	194
6596	12	205
2654	14	104
7608	18	279
10089	3	85
208	2	55
2912	3	88
9435	3	85
16354	4	199
5949	14	104
11094	12	201
3508	14	104
3811	12	201
2060	12	191
1172	4	223
3654	8	138
432	14	104
8861	3	94
2255	14	102
1013	16	270
16884	16	270
3674	14	36
2454	12	205
9186	1	16
15470	12	194
1793	12	197
1033	12	201
2698	12	184
4846	12	184
8852	17	182
3750	4	221
4414	18	279
9046	12	197
3890	12	201
7933	6	282
778	8	149
9808	12	205
14414	14	104
204	12	205
2588	17	4
1441	10	173
2077	18	279
4327	12	184
1753	3	160
1145	16	264
3063	11	1
6976	12	201
2967	12	205
1599	12	185
5247	14	240
1124	16	264
3810	14	102
17723	12	184
10668	14	104
3395	17	125
1921	12	194
7767	15	258
6738	4	199
2341	3	76
12576	17	182
3707	6	114
5236	14	33
1832	16	270
2713	12	194
1624	14	33
4872	14	102
1933	12	185
12139	18	279
11582	4	199
1908	14	104
8691	14	122
137	14	104
1745	3	75
18562	14	38
15148	14	167
165	2	273
4983	8	130
3008	12	205
2103	14	33
3663	1	16
3440	12	201
3995	12	201
182	12	201
13718	15	257
13391	12	184
20660	3	96
6301	14	104
9752	15	258
23237	17	182
11196	14	104
440	8	129
700	12	187
5985	12	201
3463	18	279
1119	14	105
10969	3	96
6140	12	201
3865	12	201
514	12	184
2516	12	194
6015	1	16
10031	11	179
10233	14	102
6449	16	270
698	15	258
1926	12	64
8560	17	182
1766	16	270
2090	12	205
384	12	194
1474	6	114
4605	12	194
17050	8	130
5225	6	114
1047	12	194
14979	14	38
18401	11	179
4631	12	197
8149	14	167
1144	3	160
3139	3	96
153	14	104
11653	14	104
3571	17	4
9253	14	167
2695	12	184
5916	12	205
15630	12	201
3741	6	114
1761	18	279
3738	6	114
103	14	36
38	3	85
8698	12	201
43	8	136
13256	14	167
19314	8	158
3805	14	104
548	3	76
5217	12	201
23535	1	16
8714	12	205
8832	4	199
5426	12	201
9518	14	167
6227	12	197
13918	1	16
7117	12	201
5631	15	257
1721	12	197
9614	12	184
11734	3	96
2849	14	33
2040	16	264
1734	8	141
2576	12	205
6784	14	104
3988	18	279
9643	12	184
1818	12	194
5600	12	194
2986	18	279
4130	17	217
4419	12	197
11429	14	122
14527	15	257
14895	14	104
2271	6	114
308	12	194
6371	18	279
3599	18	279
2664	4	221
3343	14	110
703	6	114
1932	3	85
6346	12	201
1521	3	76
17547	14	104
10000	14	104
1751	12	201
12017	12	201
5804	6	114
15477	12	201
5226	2	66
2390	12	194
6216	18	279
3807	14	102
7115	17	182
191	8	151
17879	14	104
3848	18	279
4433	12	191
15511	12	201
5255	14	104
1719	14	36
5987	12	197
4005	14	37
12956	15	258
2509	6	161
7716	15	258
17549	14	104
4577	12	191
13541	12	197
2357	11	179
4201	3	215
13074	14	104
4132	1	16
5986	12	201
183	14	33
5386	12	201
2367	14	102
3439	3	76
4460	12	201
19115	15	257
4026	3	76
7242	12	201
6188	12	201
1045	12	205
6416	17	182
27	6	208
13224	6	161
1754	12	64
678	4	99
2248	14	102
427	12	205
210	15	258
8422	14	36
21506	14	122
2236	12	64
5311	17	4
14351	6	161
11492	14	104
16653	14	104
1657	14	38
1833	12	184
2251	14	102
995	1	16
3824	18	279
576	12	205
2119	12	64
3624	1	16
568	12	184
5971	14	104
3038	14	104
10509	3	94
4450	14	167
11390	12	197
6469	8	232
20886	3	96
11900	17	182
1140	3	79
5879	1	16
1116	8	132
12885	12	205
7182	14	167
567	15	258
4628	12	191
9939	14	102
1625	16	264
2542	15	258
491	15	258
348	12	205
346	12	194
712	15	260
2656	12	205
635	4	99
352	14	104
5213	18	279
668	3	86
8144	12	194
11418	14	102
4127	17	4
2765	14	33
681	14	104
132	8	151
4277	12	191
1538	12	194
3752	14	36
378	12	184
1502	3	76
11487	12	194
1804	14	104
870	4	99
2348	1	23
4633	12	197
1655	4	250
5028	14	104
2216	12	197
5609	12	201
2857	12	184
5907	12	184
3607	18	279
12415	12	205
1367	3	77
2462	14	167
3309	12	197
11027	14	102
93	12	201
8208	14	104
3240	12	194
222	12	205
7923	12	190
16298	14	33
3645	18	279
414	4	223
176	15	260
3098	15	258
7486	4	199
11828	14	167
850	4	223
769	2	66
4800	3	75
7564	12	205
408	17	275
15059	12	194
4065	12	201
1	16	264
12696	14	36
6436	14	38
3652	14	36
4159	16	270
1912	14	36
11586	14	104
3503	12	197
13535	12	197
8497	1	16
12084	14	36
4044	6	114
5950	15	257
5831	17	4
1600	1	16
1558	12	184
2872	12	205
7239	12	190
11440	14	102
1683	11	175
1694	12	194
9453	12	201
951	15	259
1096	4	99
7981	12	201
21	12	201
11360	17	182
3	1	10
9640	14	38
641	12	194
3851	14	102
3137	12	201
1819	12	194
13104	12	194
2174	12	201
3570	14	104
11070	14	36
688	12	184
6693	4	199
6299	12	197
9711	3	96
313	14	104
623	17	217
2233	12	201
3994	12	201
6819	14	104
6994	18	279
14590	11	174
22933	14	167
7546	11	179
61	14	102
533	12	201
1511	12	201
16190	14	104
10268	14	36
5516	15	257
2657	12	184
11307	14	110
3181	12	194
3174	14	104
12426	12	201
13100	14	236
7233	12	201
4193	1	16
8437	17	182
12520	12	197
260	3	215
20448	12	190
9781	14	122
2257	16	270
10681	12	201
7241	8	130
9307	3	85
2854	12	184
10037	14	104
2950	6	281
2579	11	175
2353	1	26
5901	14	104
8994	6	114
1540	12	191
12433	4	199
12614	14	102
8731	14	36
8846	14	167
10134	3	96
7432	14	36
9546	17	182
6016	12	184
763	3	84
3016	8	130
8674	3	96
8733	14	38
7374	15	258
19853	14	102
23315	12	205
2895	4	221
3754	12	197
562	8	130
1544	3	76
5395	6	282
3706	6	114
5944	12	194
13672	12	201
17888	12	201
13253	15	258
2096	14	104
4472	4	250
7433	12	205
4000	12	201
7256	14	104
1435	12	205
14560	17	182
6260	12	184
4592	12	205
2533	4	250
3126	12	64
6412	8	130
8783	14	104
8429	14	36
3342	4	99
10723	12	201
5251	18	279
5900	3	88
319	17	226
2984	14	102
4632	12	197
2078	6	161
3245	12	184
4131	14	104
11702	14	33
5086	2	66
13865	6	161
3724	12	205
6332	12	184
2678	14	104
12963	17	182
1678	12	184
6157	3	96
8939	17	182
7487	12	194
2898	3	76
1112	3	75
923	4	99
3312	12	197
8481	14	104
9954	8	130
4174	12	184
5393	14	104
8100	12	201
626	12	64
10741	8	154
15417	14	104
5378	14	105
14078	12	194
6918	12	201
504	14	102
12348	3	88
4437	3	88
804	14	38
262	18	279
5328	18	279
4003	12	201
6571	6	161
3695	16	266
6192	10	168
117	8	157
8603	12	184
5981	1	16
1074	11	175
5777	12	197
5252	1	16
16761	14	33
5301	12	201
7253	14	36
14187	12	201
9788	15	257
214	15	124
1875	12	191
5983	12	197
5490	18	279
481	3	160
186	15	124
11728	12	201
2556	12	205
3264	14	102
7332	12	184
2640	11	179
15430	14	104
466	8	130
9434	14	104
2842	17	125
3886	3	87
6041	14	33
3003	14	165
3084	8	132
1215	11	175
16538	12	184
1466	6	161
525	8	130
5775	12	197
1264	12	194
595	4	99
15830	14	104
7302	18	279
7496	11	179
7892	14	104
12260	4	221
4042	6	114
18308	14	220
6902	12	201
1261	6	276
2852	12	205
1948	6	281
5639	12	201
13002	12	194
4326	12	184
9145	3	88
1674	14	122
2228	17	125
1701	12	191
187	12	201
4067	12	201
3635	6	114
6846	3	85
19446	18	279
1681	12	194
4237	8	142
3175	12	194
5651	2	67
4122	17	275
1541	12	201
3996	4	199
6493	12	184
5308	12	184
1809	12	184
13963	14	167
1533	12	197
7090	14	104
2547	1	23
4053	12	194
2760	18	279
1778	12	194
3135	14	104
280	6	114
4192	6	282
8034	3	76
2254	14	38
809	16	270
10621	18	279
1039	3	76
2633	12	194
1345	3	85
3338	12	201
3852	16	270
2425	12	194
531	12	201
1451	6	114
16033	12	201
10560	12	184
9637	14	104
3382	17	4
8613	12	184
4934	12	201
2910	17	275
4442	12	184
10747	14	36
3630	12	194
3320	12	197
800	3	85
1232	12	201
4217	12	201
9748	6	161
8310	12	184
12028	12	201
312	12	184
16664	12	201
888	4	99
424	12	197
2377	3	85
7515	1	16
13539	3	96
11587	15	258
3528	8	132
2845	17	4
1798	12	64
3031	18	279
8399	12	184
1856	17	226
6100	11	179
8951	12	190
19724	16	270
10064	12	201
3900	12	197
978	17	275
591	12	184
14295	12	190
9511	12	184
5254	12	184
3767	12	201
570	3	160
3991	15	258
78	14	104
2856	14	105
2235	12	184
11771	12	201
13198	14	236
588	12	201
9984	14	36
3019	12	184
2408	12	201
426	12	194
4257	18	279
123	8	132
1911	14	36
3203	18	279
99	6	208
1848	12	191
3202	15	258
264	12	187
6356	12	197
7200	12	197
474	12	184
7494	14	110
1525	3	215
5869	12	194
5267	14	36
11683	12	190
8324	12	201
8789	12	201
8904	14	122
11757	14	33
1527	4	41
5231	12	184
7947	12	201
4152	12	194
3436	3	160
13676	14	102
5243	18	279
742	14	104
3336	16	264
2361	14	102
4247	12	184
3219	14	104
1688	6	208
7955	12	201
12058	14	167
6322	14	122
22392	12	194
157	2	55
6354	12	197
8043	14	167
12406	11	179
1877	12	191
3398	12	205
202	3	160
3268	18	279
3344	12	205
2704	14	167
3986	18	279
3277	6	114
9163	12	197
5253	12	201
1920	12	205
14832	14	102
1676	14	36
1888	12	197
6217	14	102
895	16	265
5559	12	201
3821	14	104
1041	8	130
1457	2	67
4753	11	179
9707	15	257
4644	12	201
10775	12	184
6909	3	94
6689	12	197
2786	12	194
444	12	201
86	3	76
842	1	15
9077	17	182
23534	14	220
3745	12	205
3035	12	194
3696	14	167
14864	1	16
2243	4	250
12054	12	201
10606	14	104
1539	12	205
1298	18	279
2659	17	275
9639	12	205
16203	15	258
4029	12	187
2757	18	279
873	4	99
2631	12	190
40	12	205
366	12	194
101	14	244
4173	12	194
10808	12	201
3326	8	130
3302	12	197
13243	14	36
2057	14	102
12669	12	197
5885	12	201
369	12	201
379	12	187
13075	12	201
3308	12	194
2215	6	161
18290	14	104
13068	3	85
6539	1	16
5680	4	199
2913	6	161
1530	12	191
544	12	194
485	1	17
1904	12	64
7017	12	201
12769	15	257
3330	12	201
45	8	141
2705	12	184
2232	12	205
7458	12	197
3211	8	130
4083	14	33
2600	11	57
83	12	201
2058	11	179
1038	12	191
6565	12	184
4984	12	184
11208	2	67
1791	18	279
2531	12	201
4412	12	201
1128	10	170
1894	10	168
2393	18	279
1406	12	201
15292	15	257
1836	14	104
9239	11	179
1803	8	141
1910	12	201
4028	3	160
13070	16	266
6186	12	197
9625	14	38
4063	12	194
1914	10	173
2518	12	194
1227	8	151
11493	12	201
2549	1	10
16448	12	201
3451	4	41
8859	8	139
13778	12	201
12458	14	104
2666	18	279
4357	15	273
10030	14	167
14368	14	33
13691	12	201
906	3	215
17310	12	194
5374	12	206
3053	12	184
1555	12	201
9035	14	167
1250	15	258
2523	12	194
2398	16	270
5913	12	194
6995	8	130
10815	17	214
50	12	64
4551	14	36
2649	12	191
3461	6	282
18898	12	197
5259	12	184
5281	14	122
622	8	3
1240	12	205
2548	14	104
10682	12	201
575	3	76
3649	14	36
2081	8	148
1113	8	130
5842	12	197
7493	14	36
5739	17	125
6385	12	197
2794	17	4
4477	12	197
3669	12	201
48	15	258
2677	14	102
2625	18	279
563	15	258
3836	12	197
5357	14	102
15188	18	279
4603	12	205
1163	12	205
992	12	201
1294	15	258
3853	18	279
419	3	76
4362	12	201
4526	16	264
4766	18	279
11236	18	279
6005	17	182
1473	12	184
1073	12	205
1078	14	104
5617	3	96
1690	11	175
6904	8	130
6937	12	197
2670	14	33
13673	8	130
5488	12	184
12533	3	96
2375	12	191
6586	14	104
256	11	175
5678	15	257
9313	4	199
12785	12	194
6352	15	257
3452	3	76
13103	12	201
2185	12	194
1459	12	64
1416	2	67
8811	6	161
5854	12	201
11324	12	190
5114	14	102
20285	14	167
1093	14	38
2581	14	104
401	2	67
8430	12	201
322	8	130
5369	14	38
994	17	4
2480	10	170
4258	18	279
1526	12	194
5349	14	104
394	4	274
8293	18	279
11223	12	184
4147	1	16
7831	4	221
7837	12	201
17042	11	179
19774	1	16
11246	12	201
9458	12	201
12771	4	199
8730	12	184
2359	14	102
11961	12	201
326	11	175
1246	1	24
1167	12	201
817	3	85
6360	12	184
4273	12	205
2382	12	191
13863	12	201
2468	14	104
325	12	184
6018	12	197
12671	11	179
1974	4	223
1946	11	179
9849	15	257
13326	18	279
3770	8	232
1699	12	205
5396	17	4
6249	14	102
14798	12	201
12905	12	201
5698	12	205
1621	16	265
1253	3	160
120	12	201
543	8	157
17909	14	102
1297	12	205
12554	8	130
5812	3	76
268	6	114
11294	14	104
11871	12	197
2909	12	197
10952	14	167
2042	15	257
13251	14	33
1886	12	197
1642	14	33
3250	12	197
3255	14	220
8624	14	102
13404	14	167
1669	12	194
1450	17	4
729	15	260
9805	12	184
2105	12	197
10976	14	102
2528	14	36
7043	4	199
16247	14	36
1965	14	102
6568	14	36
1062	8	232
10688	12	184
694	12	184
14164	12	201
15945	6	161
10266	14	36
3106	10	168
6128	14	102
1307	1	7
2999	12	184
15116	12	201
4161	12	194
4637	6	161
2683	12	184
2347	4	199
1560	12	201
1081	11	57
2572	1	10
11386	12	201
6715	12	201
9520	12	194
939	3	215
6131	14	165
3655	17	182
5194	4	221
6336	17	182
10259	15	257
3020	14	104
8150	14	104
1456	14	33
1964	12	194
4251	12	201
3262	17	4
3538	14	104
1005	12	205
1507	4	274
12849	3	76
2463	11	179
14651	12	201
9571	4	250
1447	12	194
12202	12	194
1171	12	194
7480	6	161
3456	4	250
292	8	130
619	12	201
3153	14	104
129	16	264
5776	12	201
5266	14	36
3407	12	184
7835	17	182
2730	12	184
4413	4	199
4714	14	102
226	12	201
439	1	10
7247	18	279
12144	15	257
7495	4	199
1111	2	55
15245	17	182
98	3	83
2682	14	104
4090	14	33
13229	12	201
5691	18	279
2671	12	201
9358	12	201
9486	17	182
2627	15	257
4894	18	279
1663	12	201
6600	12	205
4578	12	191
1752	12	184
4001	17	125
18061	8	130
1278	12	201
4320	12	184
2220	14	236
1086	3	85
12116	3	96
6981	14	104
3792	4	221
7519	4	199
5508	10	171
4135	14	167
1929	8	141
7802	12	197
10440	12	201
5148	12	184
20809	14	104
1670	1	15
3913	18	279
1881	3	160
2213	18	279
1036	12	205
8909	17	182
6558	12	201
207	12	205
857	15	259
16900	14	104
6682	12	184
6763	14	102
14210	14	104
2269	3	95
1217	12	201
8794	12	184
2458	12	194
10398	17	214
1224	12	205
13330	14	38
1015	2	55
5250	6	114
6490	12	184
380	12	184
8427	12	201
1126	14	102
12638	15	257
4911	17	182
2639	14	104
2474	14	165
505	14	122
2696	17	226
6992	12	201
274	12	194
4417	17	4
7928	15	257
1402	11	176
15720	14	104
8331	12	197
897	4	99
9594	14	165
1645	16	121
168	14	104
1952	17	275
9953	12	201
199	14	104
7169	4	199
3272	18	279
9505	18	279
58	15	260
2488	3	160
7297	18	279
4040	6	114
3284	6	114
6419	12	194
2279	6	161
3878	3	224
1058	6	282
6300	6	161
11133	14	36
337	12	205
5672	18	279
5144	17	214
3668	14	33
8120	12	184
6625	14	104
8035	14	33
1161	14	104
14588	12	201
8969	1	16
1476	4	274
2953	12	184
6901	17	182
8103	12	205
17559	14	102
2626	10	170
6504	14	38
119	8	132
4966	4	199
15109	4	199
11769	12	201
2691	12	201
9709	14	240
13222	3	85
289	18	279
10975	14	104
189	14	33
8547	18	279
9792	8	130
3066	12	194
11652	12	190
4995	12	64
13983	18	279
1053	12	205
6364	12	184
12064	18	279
4879	8	232
18143	12	201
3057	14	122
2022	1	16
66	4	99
3744	6	114
2534	8	141
2259	16	264
6971	12	201
4129	17	275
5811	6	114
7815	14	104
3081	10	168
6564	17	182
5803	6	114
7105	18	279
3370	6	114
5034	14	122
3093	12	201
13071	4	199
1781	12	197
2952	3	85
5918	14	110
1244	12	201
4415	14	104
4164	14	36
867	12	187
18242	8	130
188	3	160
10826	14	110
295	3	88
1748	10	168
2569	14	104
5379	12	194
14669	12	201
987	12	194
7517	14	236
1455	16	264
1918	2	67
3833	1	16
7110	12	201
3736	6	114
4542	16	270
4552	14	102
4767	12	201
1238	4	274
227	2	55
1758	16	270
4441	6	114
2866	12	201
2951	4	221
899	8	151
10033	12	201
1271	12	64
2726	6	282
471	14	33
21529	14	38
2409	18	279
136	11	175
2436	14	122
11535	15	257
16707	17	277
11898	14	36
13221	12	201
12992	12	201
4751	14	167
418	6	282
1664	4	250
76	12	193
4849	12	184
4876	12	201
169	15	258
4271	12	194
8265	12	205
9712	18	279
534	15	260
7500	12	194
2227	12	197
23500	4	199
17122	4	199
1231	1	7
8813	12	201
589	14	167
14389	12	201
714	15	272
57	12	194
23058	14	220
8810	1	16
11583	14	104
11023	14	110
158	14	104
7358	12	201
679	15	260
118	14	33
11080	14	102
5051	8	141
3005	10	170
6551	14	104
4299	8	138
6874	18	279
6242	14	110
18351	14	38
4847	12	201
2188	12	205
12622	18	279
15181	12	201
1666	2	55
11359	14	102
1358	4	99
5145	14	103
2559	14	102
131	12	201
645	4	250
2223	14	104
10469	12	201
1647	16	264
4741	12	194
5774	17	125
2337	6	161
2246	14	102
1543	12	64
10488	14	33
349	12	184
13447	12	194
4652	14	102
4325	12	64
393	12	201
7147	3	94
5967	17	182
9706	14	102
737	12	205
1335	12	194
12207	3	85
17328	6	282
3867	12	197
14209	4	199
174	12	201
304	12	205
724	8	130
2351	12	201
9646	12	205
329	12	187
4335	14	102
6162	12	194
2020	1	16
10356	14	38
4733	4	199
1596	3	85
4856	17	182
310	3	76
12958	14	104
6488	14	36
9814	15	257
1087	14	104
460	16	264
6166	14	102
8466	12	197
2092	14	36
7162	12	201
3368	1	10
3753	12	205
221	12	205
3437	1	7
3319	14	102
10474	12	201
9461	12	201
11546	12	201
3252	4	41
11215	12	201
1010	3	76
1035	12	191
4850	14	104
1471	4	41
2577	14	102
9710	12	201
2019	16	270
6769	12	201
8343	12	197
1407	14	104
4663	12	184
1969	12	184
9737	14	110
17407	14	33
4660	1	7
3322	12	205
3267	18	279
1138	10	173
4113	12	184
3295	17	275
8844	15	257
3286	6	114
4171	12	205
441	12	201
5265	14	36
736	8	151
23536	14	220
2879	14	167
12146	12	194
7167	14	122
553	8	151
4848	12	184
37	14	38
19590	14	36
12712	14	104
3502	12	183
643	12	184
3294	17	4
3088	12	184
192	2	67
7366	17	125
1532	12	184
4676	10	171
2270	6	114
2084	6	114
6109	12	201
3928	3	85
74	16	264
47	3	87
5049	12	191
9433	12	201
1607	12	197
5388	12	201
771	8	151
197	12	201
2489	4	221
2700	17	125
6733	14	167
259	8	130
5685	3	85
13649	12	201
3394	16	264
3185	8	130
775	3	76
710	14	104
5442	4	99
1559	12	201
5963	18	279
1325	4	223
1148	10	168
2284	12	201
8689	12	201
3828	12	197
6200	12	201
4625	12	197
5043	12	205
1256	12	205
1181	6	114
772	8	151
2525	12	205
1403	4	250
6293	18	279
84	6	208
12263	17	182
468	8	129
1184	4	250
3067	12	64
2095	14	33
6404	2	67
6870	3	92
15473	12	201
1084	16	270
1018	2	55
3656	12	201
4453	4	199
4737	12	190
2217	14	36
11510	15	257
651	12	64
3526	12	194
2994	8	130
3187	8	130
4579	14	102
13885	14	104
11349	12	201
3366	12	184
8	8	151
5965	12	201
1773	12	64
1805	12	201
1762	18	279
300	8	151
1700	12	197
3416	12	205
1051	12	194
3523	14	36
21650	12	201
7108	14	104
2526	4	41
2701	14	105
3648	12	201
1091	14	104
3115	12	190
2340	6	114
983	2	67
21507	14	122
14144	15	257
2770	14	38
2471	12	205
15094	15	258
1879	12	201
13062	12	184
5737	4	221
4589	12	184
5238	14	102
10027	12	197
4307	14	33
3729	12	194
422	14	33
6822	8	130
510	12	194
3266	15	257
282	15	257
5260	12	197
8177	12	194
331	10	170
2687	17	226
3534	14	36
11366	14	103
4464	12	184
15918	3	96
6867	12	190
4374	12	194
3642	12	194
547	11	57
2017	3	160
9369	12	205
309	12	184
8825	18	279
5387	3	76
12000	2	67
2723	12	194
15	12	201
4830	14	102
3233	3	160
3234	12	186
13914	12	205
7721	14	104
5280	14	122
1458	11	175
5738	4	221
12843	1	16
1658	17	275
4352	4	199
14879	14	36
2826	11	175
4802	4	250
2149	12	201
482	11	176
4597	8	132
3229	12	186
19594	8	130
13888	3	85
2853	12	194
746	12	201
8295	4	199
10698	12	201
6402	2	67
365	12	184
5033	17	4
19222	12	201
17229	12	194
4946	10	170
11727	14	33
15476	17	4
4582	14	102
10239	15	257
9048	14	104
4931	17	182
7830	14	33
3141	12	194
6207	12	194
5154	12	201
1843	12	191
5884	14	102
2711	12	64
1242	14	104
3438	12	201
3315	18	279
9811	3	96
2479	3	160
14524	12	201
3641	1	7
5521	12	201
17900	14	102
4105	12	184
10977	14	102
6406	2	67
5390	15	276
5229	4	199
754	12	184
1595	12	184
7714	14	122
11342	18	279
3002	14	102
2594	17	4
5055	15	257
1314	12	194
3058	4	99
3936	12	205
9955	12	194
718	12	205
2209	10	170
6681	12	197
354	6	114
8546	8	129
12597	15	257
3887	3	215
3317	15	258
4126	3	76
11775	12	201
905	6	114
3931	12	201
5288	12	183
2712	12	194
9699	14	104
6959	4	199
254	12	194
1001	12	194
1470	6	161
14076	12	201
7363	11	179
1190	12	201
8936	12	194
4118	12	205
1066	12	201
2281	8	232
9705	14	36
6244	18	279
747	12	194
21692	12	201
2961	12	194
2219	15	258
3065	12	194
2985	14	165
14211	12	201
4205	14	38
2557	14	104
4239	6	114
11036	12	201
3850	14	36
7333	12	201
6649	7	213
8870	17	182
12760	3	85
3052	12	184
9676	14	104
13317	12	201
1228	8	130
2221	12	190
546	15	258
18836	17	182
2875	14	102
2239	4	250
8849	12	205
7935	4	199
413	12	194
2880	4	199
7091	14	104
4853	14	104
9717	15	258
16507	14	122
13954	8	130
1591	12	201
8557	8	148
3475	14	102
2018	12	205
5545	12	201
1720	8	130
8088	11	179
1864	12	191
1241	14	104
7499	14	167
12811	12	205
3951	14	36
1043	8	130
272	4	250
20407	12	197
723	12	205
3982	14	36
12619	14	122
5111	14	167
5025	14	104
19878	12	184
1193	4	221
12089	12	201
402	12	184
3562	14	212
5501	14	38
7819	14	122
6476	8	148
6697	12	201
5511	18	279
770	12	201
10502	12	201
5721	12	201
6239	14	110
2519	6	161
19623	14	167
5287	12	194
3643	12	201
721	12	205
974	12	184
731	1	10
8715	12	201
4930	17	182
9952	14	104
4989	3	96
17622	18	279
15882	12	194
7466	12	197
3511	12	205
4124	12	201
2975	12	201
6570	14	102
4973	14	122
2268	17	217
1947	4	41
18110	14	167
1602	12	191
1350	16	264
11612	6	161
7018	12	201
1257	15	258
12261	12	201
5177	4	221
829	8	132
225	4	274
5261	17	226
3730	12	201
2432	12	197
10086	12	201
558	12	194
2339	6	114
2322	1	16
2446	8	141
7717	14	104
18706	14	104
690	1	24
2331	6	114
1223	12	194
1236	8	151
1268	1	16
2127	6	281
782	12	194
6413	12	190
8268	12	201
5730	16	270
284	8	130
7146	3	94
6312	15	258
16	12	187
2663	12	184
3134	12	194
2450	1	10
18062	12	201
3711	4	199
3923	12	201
1360	12	194
2112	16	270
9304	12	201
2538	15	258
6187	12	201
6127	12	194
3535	14	36
2843	14	105
1576	12	191
611	15	260
2766	14	33
8558	15	258
6628	14	38
7635	8	130
7983	14	167
12206	14	33
1234	12	194
4181	12	201
5057	12	201
3232	12	197
9472	12	201
285	4	99
1606	12	184
1205	16	267
7984	14	167
9674	17	125
6567	12	201
18298	12	201
3513	4	221
11417	16	270
16988	14	104
7092	18	279
9624	14	104
4228	14	122
5684	4	199
2226	12	197
2521	14	102
4388	12	201
2800	12	201
13225	14	167
2187	12	194
3758	12	201
8824	18	279
5725	14	38
2720	15	257
1143	14	38
6480	18	279
7378	14	33
9135	1	16
3590	18	279
7107	12	201
1220	12	194
3585	12	184
4387	18	279
240	2	55
3883	17	275
981	12	201
1186	12	194
9935	12	201
12498	17	182
13241	14	104
6794	15	258
12780	3	75
8574	18	279
4869	17	217
21009	12	201
253	3	215
7244	12	201
1939	8	141
7195	3	90
15469	12	194
2098	12	194
3797	4	199
5498	14	38
685	14	104
5572	14	38
2291	12	201
3117	12	201
528	3	95
14440	12	194
1056	14	104
2467	12	201
2735	14	33
1689	3	87
19747	14	167
6195	14	38
806	3	160
13444	1	7
20203	14	104
14513	12	201
49	12	194
3220	8	130
4072	12	201
5088	4	199
1594	12	194
6164	12	184
7642	3	88
2517	8	141
4338	12	184
3962	12	184
1513	14	102
3981	14	104
4882	1	26
317	12	187
4467	12	184
5778	12	197
9139	14	38
4742	17	182
8274	8	148
13339	14	236
4379	8	130
3509	4	199
4376	14	102
13102	12	201
20057	14	38
1802	18	279
2964	12	70
3197	12	194
5375	12	64
9760	12	201
8524	18	279
4950	1	16
8621	12	197
2832	3	96
5767	12	184
5110	14	104
1266	12	194
6736	15	257
4574	14	104
738	14	104
11344	8	130
1837	17	4
8154	17	275
14075	12	201
12389	14	105
15769	1	7
16848	14	122
7557	12	184
766	8	276
8086	12	201
783	4	250
2681	14	33
17527	18	279
18001	4	283
1094	4	221
1891	6	114
3974	12	197
13755	1	16
8335	14	102
81	15	258
3699	14	102
10003	12	201
18835	17	182
4392	17	226
11	10	170
14758	12	201
3191	12	194
11721	12	201
435	16	264
2767	8	142
1743	14	102
2485	18	279
4859	12	205
9037	14	165
1959	17	275
5291	12	194
540	12	184
9479	14	38
18602	17	182
2296	12	197
11703	17	182
2756	15	258
9897	8	148
3916	14	102
2746	6	282
2763	14	38
6669	18	279
6990	11	179
20018	17	182
7435	14	36
8138	12	184
3550	12	194
7423	14	38
18	12	201
2118	1	10
569	12	184
1580	15	258
2855	14	102
8454	18	279
6288	14	167
3872	17	182
8528	12	194
2055	14	33
15582	17	182
7348	14	102
9439	12	201
2218	8	31
2321	6	114
10669	14	104
5109	14	38
14893	12	194
6737	8	130
6007	18	279
5046	12	201
3136	14	102
5769	12	184
8379	3	94
5258	17	4
10742	14	36
12172	14	36
8696	12	194
1628	17	98
2699	12	184
1885	16	264
371	17	275
8812	12	201
16907	14	33
1174	12	205
7833	14	33
16615	4	199
767	14	36
3140	6	114
11357	18	279
127	3	160
15711	4	199
162	15	258
3992	12	201
4568	14	38
2443	12	201
7273	14	104
1869	8	130
9583	12	201
2028	14	104
13490	14	36
1342	14	104
2175	10	170
1566	1	23
11043	12	197
1429	12	201
14920	12	205
3261	14	102
7822	12	201
5331	12	201
7809	12	201
3757	12	201
296	12	64
3235	12	194
11035	14	33
5424	15	273
2629	6	97
200	3	160
3050	3	76
3874	17	63
4677	6	282
2812	12	201
2452	1	10
3218	8	31
1578	12	201
4754	12	197
6818	14	104
4304	3	76
9082	12	201
3046	12	201
2674	14	38
7420	18	279
11759	17	182
7053	14	102
4216	4	199
1443	15	272
4332	14	102
3516	12	190
5956	1	10
2966	12	197
3893	3	76
10066	12	201
5690	12	184
10790	12	201
3548	14	102
740	4	250
750	12	205
2932	3	160
1956	8	130
976	14	104
7404	12	201
4313	14	36
8883	14	38
10602	17	182
3930	12	64
1064	12	194
4010	3	76
9629	14	33
3748	4	274
3983	14	36
8194	17	182
5813	6	114
2496	11	57
6	4	250
1860	3	160
5953	3	96
5998	6	117
12204	12	205
2442	14	104
10413	10	168
6684	12	201
3737	3	77
4659	1	7
10811	14	36
1820	4	41
250	6	114
2608	12	201
2165	12	201
489	12	184
1392	14	102
5372	8	130
14010	16	270
14913	14	104
6338	12	194
1312	12	64
12315	14	104
5186	1	7
8540	14	38
1283	12	187
2784	14	38
4962	14	33
4539	12	190
4020	6	97
1744	12	194
6884	6	161
20051	14	36
7776	14	36
1568	14	33
3083	12	205
11034	10	168
5835	12	205
1736	17	275
12799	12	184
9160	1	16
18058	3	96
2125	14	104
1845	12	191
1636	12	201
1071	11	57
2736	14	104
4706	14	33
11249	12	205
18875	17	182
4114	14	33
19298	17	182
2877	14	103
7352	6	161
4323	12	194
1949	6	114
2759	17	275
458	11	175
3101	10	168
4309	14	36
4095	14	38
232	16	270
2936	1	5
6150	11	174
893	15	260
10475	17	182
10706	15	257
2093	14	122
8354	14	104
6764	4	199
2685	14	104
2008	12	194
9475	6	161
7270	14	104
1334	14	38
1858	12	201
3631	12	201
457	12	194
15790	14	104
13049	4	199
1363	12	194
5531	6	97
3182	12	205
1846	11	57
6358	18	279
5626	14	38
1495	11	57
2813	1	16
2401	12	201
5344	12	201
7443	12	197
15265	14	104
12980	14	104
2445	14	36
1099	4	199
4960	14	36
5805	6	114
4294	12	185
4550	12	201
1597	17	182
9708	14	102
19690	4	199
2591	12	205
10477	17	182
1483	14	36
5105	14	104
3341	16	271
4420	14	122
16883	11	179
8521	14	167
2838	8	130
2195	12	184
4972	14	122
1992	15	273
2431	11	57
1424	14	36
9565	18	279
3620	12	184
10054	17	182
8881	14	38
1464	14	33
1317	14	33
18593	14	104
5050	12	205
17621	12	184
669	15	258
5575	18	279
1493	12	205
11276	12	201
7288	14	36
1496	6	97
7300	12	201
4740	12	201
1438	11	175
13945	3	85
5581	14	36
1444	4	250
2563	14	102
3678	8	130
10657	12	197
1185	6	282
4590	12	191
3510	8	130
2947	14	122
6295	6	282
16953	15	258
3984	14	36
4504	14	104
2937	12	205
2946	4	250
4421	14	122
448	3	94
8446	12	201
19500	14	102
1931	3	160
3574	17	275
3979	14	36
11257	4	199
2543	15	258
3934	14	102
5078	12	184
8716	6	161
1497	17	125
21579	14	38
9406	6	282
6538	12	194
5447	16	270
3036	12	201
1249	14	104
11044	3	96
12743	17	182
1281	8	151
3444	6	276
1715	10	170
2379	12	64
7248	14	102
1362	12	201
4382	8	130
10580	12	201
15137	1	16
9905	14	38
4172	12	194
2039	18	279
3587	12	201
5570	12	201
2596	12	194
13226	12	201
4170	3	92
4993	12	201
2615	14	167
2366	14	104
1168	4	99
7405	12	201
1710	14	167
14108	14	102
6129	14	165
7350	12	201
6665	12	201
2725	12	185
2170	3	76
5020	12	205
2545	14	102
7890	14	104
3078	12	201
13209	14	104
4311	14	36
13164	16	270
13197	3	96
109	4	99
2539	15	258
2806	12	197
13867	12	201
573	8	151
7775	4	199
453	12	187
12262	12	194
430	11	175
2309	11	175
1277	12	194
3032	14	104
270	15	258
12719	16	270
2828	14	38
7156	14	240
10936	12	184
8060	14	122
2293	12	197
4573	12	201
1336	14	33
3177	14	105
1439	15	260
6928	14	122
1515	14	104
1425	12	201
14637	3	96
15256	14	122
3303	12	197
6614	14	165
598	2	67
3558	14	212
4023	14	104
2546	12	205
2747	14	33
7719	12	184
555	12	285
2660	8	130
11339	14	104
7145	1	15
1088	10	173
1359	12	201
2732	14	33
1155	10	173
2031	12	205
2338	6	114
14491	12	190
3918	12	201
12347	1	7
3943	17	4
3540	4	199
2560	12	205
2288	12	184
9243	14	104
4736	12	205
16752	3	96
12979	17	182
3788	12	184
8522	8	146
2177	4	41
6650	12	197
9666	12	205
1428	4	99
2044	12	191
552	4	250
7154	14	238
2150	12	64
3964	12	197
15759	8	130
5510	14	38
10369	12	205
3976	12	194
5290	17	182
6386	14	104
1100	14	38
1079	12	201
2969	12	197
2733	14	102
7284	12	201
1862	12	191
17625	12	194
9970	14	38
3305	12	197
6585	14	102
13987	15	257
6670	14	104
5826	14	36
1322	12	194
11364	16	270
4928	18	279
8436	14	36
1852	12	194
982	8	130
251	3	87
3425	3	160
18173	14	36
1237	12	194
2046	1	16
2134	12	205
1229	4	99
2651	12	184
4709	14	33
6060	4	199
1738	12	64
2451	1	10
14	12	194
1572	12	191
6321	4	221
2554	14	104
2553	14	104
279	12	201
23291	12	197
4746	4	199
7531	14	104
1000	2	67
4341	15	257
1716	14	36
2294	12	184
2959	13	207
10416	14	104
4254	18	279
12726	14	33
4066	4	99
6426	15	257
2868	18	279
2729	14	102
15718	17	182
1373	12	194
5102	14	33
7843	18	279
5400	12	201
12203	17	182
1561	12	201
1557	12	194
2593	17	4
15349	14	38
2614	12	201
4046	14	36
3051	8	148
1554	3	96
627	15	273
4292	10	168
4092	14	33
1371	14	102
854	4	221
6099	14	110
9836	12	201
6872	18	279
9175	15	257
2299	12	191
3586	14	104
2300	12	197
1437	12	205
5541	14	38
2933	3	160
13964	3	96
1258	15	259
1315	10	168
14483	14	167
1192	4	250
9337	12	201
2741	18	279
3119	14	33
2143	12	201
1384	12	194
2743	12	194
1534	12	70
1059	16	264
2714	4	221
5431	3	96
1861	12	191
2738	14	102
601	4	199
1127	14	36
4614	6	208
787	12	205
8875	14	33
4692	3	92
2731	14	33
4158	15	257
1646	11	175
8957	18	279
6967	14	33
9197	17	182
1783	14	33
4354	4	199
1356	12	201
2063	4	250
1732	14	102
7857	14	102
13569	8	138
878	8	151
3879	18	279
5003	14	102
330	17	275
2848	14	36
4245	4	250
4914	17	182
112	8	130
9668	4	199
5244	6	114
6550	12	201
4933	14	33
3581	14	104
1369	14	38
13093	14	38
13348	12	201
3728	12	205
2558	14	102
1239	12	64
3249	1	16
2354	1	10
5019	12	205
5809	6	114
3079	12	205
2718	18	279
6876	6	161
4232	10	171
924	3	76
4427	10	171
4941	12	201
2494	12	194
8924	16	270
8361	8	138
1329	15	276
8815	16	270
535	3	79
5607	14	104
362	8	151
6243	18	279
7014	12	201
2416	14	102
559	12	184
4244	14	104
4329	12	204
15700	12	194
4624	12	197
2444	12	205
761	18	279
1563	14	104
696	6	282
6803	15	258
3471	12	201
2570	12	205
7225	17	125
9661	8	130
4572	3	76
6617	18	279
1853	12	191
7331	10	170
512	3	95
9474	4	199
9567	12	201
2586	17	4
705	6	282
2568	14	102
7079	17	125
2587	17	4
13338	14	236
1188	12	187
238	14	33
765	11	57
9636	12	201
2948	14	122
1068	14	33
4784	4	221
5024	14	102
1316	12	194
1075	17	226
41	12	70
8569	15	257
1265	14	104
7917	17	125
1604	18	279
1147	14	104
2318	12	184
21183	12	201
739	14	33
15322	12	190
9410	12	197
2874	4	99
6988	12	197
7351	12	194
4330	14	102
3482	14	38
2376	12	191
159	8	130
2440	12	201
5945	14	103
5818	12	201
18694	8	130
1651	12	187
9270	14	104
4235	17	125
1494	12	194
9485	12	194
5754	18	279
2835	11	179
4915	12	194
4106	6	161
3114	14	33
3316	12	197
3180	12	194
5846	12	194
704	4	250
6613	14	165
9261	4	221
8756	12	201
734	15	260
3314	18	279
3123	15	257
1309	12	194
653	2	55
1301	11	175
8050	12	197
3632	3	85
12907	8	130
2508	12	194
13933	12	194
2882	12	64
1519	14	33
12710	17	182
1790	14	36
3977	2	30
6474	14	38
2121	4	221
2501	14	33
8604	12	197
3610	8	130
429	4	99
3332	3	160
4157	12	201
1340	3	87
3522	14	33
6201	12	201
1635	6	114
1518	17	217
2734	12	205
2829	14	33
18547	12	201
7675	18	279
3892	18	279
4394	12	194
2655	3	76
1863	12	194
12246	14	102
9425	8	154
1925	14	102
2578	12	205
2067	12	205
4772	12	201
2333	11	57
884	12	201
1286	12	205
11806	3	75
4144	1	10
4002	12	184
11516	14	36
2737	3	94
7701	14	236
2580	14	104
2881	12	187
234	17	4
6428	4	283
10161	15	257
4372	8	130
701	12	194
12480	12	184
4019	1	16
9100	12	201
7307	18	279
4425	12	70
2328	14	104
1449	6	2
452	15	260
1201	12	187
7679	12	201
1727	16	264
7287	14	36
3301	18	279
1878	12	194
7461	12	205
4480	8	151
454	12	205
1235	12	201
12062	12	184
15302	14	212
4570	3	76
4611	14	38
2089	3	215
7349	14	104
3116	12	205
294	14	236
1381	16	264
16102	17	182
6956	4	199
735	12	194
6725	12	184
10411	12	190
2011	12	201
16828	12	201
4618	12	201
4791	14	104
5620	14	102
12746	17	182
3313	17	182
13057	12	201
13509	14	104
11518	14	104
3068	8	232
4430	17	182
269	4	99
3764	3	76
3292	14	104
1423	12	194
387	4	274
8353	12	190
17619	14	104
11028	15	257
4768	14	33
11988	4	199
4396	17	275
9894	14	212
5948	14	38
11137	12	201
7462	12	201
8656	12	201
2864	12	194
1178	12	197
2426	14	104
5814	6	114
3498	1	10
2129	12	194
288	14	167
1302	12	64
9091	14	104
7520	15	258
3915	3	85
13733	14	38
1465	6	161
5655	14	236
861	12	201
808	3	76
7677	1	16
2138	3	160
1452	4	250
7918	18	279
7950	1	16
7324	3	76
4613	3	96
8972	8	130
1867	12	191
6431	14	33
4874	8	232
1619	14	33
13463	17	182
2562	14	104
7448	12	184
1765	12	201
16478	14	38
13806	14	104
15842	17	214
523	3	76
722	12	64
56	8	151
5574	3	85
3386	17	275
12718	12	201
1970	14	104
4734	14	104
11340	14	104
6382	12	201
1726	12	184
3176	17	125
2689	1	16
3075	12	197
9136	14	38
7049	14	110
2182	12	184
16532	14	104
7976	15	257
5847	8	130
6088	14	104
9357	12	201
6037	14	104
9912	14	33
2648	12	194
2981	4	250
13300	12	201
826	4	99
446	3	160
2032	12	205
6926	14	122
8841	15	257
2385	12	205
4774	14	38
1348	12	205
986	11	175
12033	14	167
1516	14	34
2920	6	161
3237	6	117
819	4	99
18241	3	85
773	11	57
741	14	122
10370	12	201
3226	14	38
12641	15	257
2391	12	205
3608	18	279
1017	3	86
8718	14	104
728	4	274
9662	14	33
7951	14	104
5330	14	167
2104	14	33
11549	15	257
1844	12	194
10068	14	104
9870	18	279
8550	14	38
20280	12	184
6101	14	167
1868	12	201
5614	8	154
3897	12	201
3802	14	104
42	15	260
3990	18	279
5662	14	104
15722	18	279
8774	14	102
3605	12	194
7922	18	279
3858	14	122
1333	14	104
14666	18	279
5576	12	201
4128	8	232
1512	6	208
530	15	259
502	3	160
5845	12	201
4154	14	104
1090	2	273
3801	8	130
6498	12	205
7858	15	258
1823	8	137
2336	14	104
1997	10	168
241	14	104
4730	18	279
11676	18	279
11605	12	201
18912	14	104
14606	12	194
1067	12	205
1252	6	282
708	16	265
4739	4	41
3297	17	182
7565	15	257
8725	12	205
1108	4	250
2332	14	104
3912	8	130
14831	14	38
1318	12	205
2457	12	205
648	6	282
2054	6	208
10078	14	36
1189	12	205
8452	14	36
2378	12	64
1900	10	170
7676	12	205
4731	18	279
1120	14	104
959	4	223
15379	12	201
1169	12	194
3224	14	38
12708	14	102
1306	12	194
271	12	184
7533	12	201
1432	12	205
3817	14	104
894	14	105
4426	12	191
6335	12	201
1436	12	194
2498	11	57
16188	1	16
3859	14	104
4935	14	104
9528	12	201
6275	12	184
2552	1	10
4056	12	184
7768	12	201
3594	12	201
3273	18	279
3039	14	38
4303	12	201
1137	4	219
5072	14	104
6675	12	201
5726	14	104
5087	14	33
11189	3	85
14580	12	184
3173	12	197
7656	14	104
7661	11	179
4220	14	104
2173	16	264
7669	14	104
2166	12	194
5310	17	4
8608	6	282
9920	14	167
6642	12	194
488	16	264
12042	15	257
6914	14	165
6796	15	258
2079	12	194
443	6	161
2231	12	187
3816	2	30
4207	14	38
10798	14	167
2938	14	165
1546	16	270
8082	12	201
4681	14	104
14258	3	96
8368	18	279
16555	18	279
4071	14	104
3939	8	130
14550	12	197
11113	18	279
2928	14	104
6848	12	201
20858	14	33
20639	14	33
7734	14	104
69	2	55
3693	11	57
1857	12	201
2602	14	104
7968	12	190
12034	12	201
8914	14	104
2240	11	57
9177	14	104
5509	14	38
2074	12	184
11415	3	96
1643	12	194
455	12	64
3520	18	279
2477	17	4
9172	3	96
6790	12	201
9993	15	257
3783	12	194
4763	14	104
953	12	194
2915	14	36
2053	15	276
5195	8	130
13601	17	226
2203	14	104
876	12	194
6849	12	201
6830	16	270
2352	14	238
273	4	99
3194	12	194
1723	18	279
3716	12	190
7673	12	197
1950	12	197
640	1	14
3204	14	104
1634	12	205
869	14	236
12223	15	257
7705	12	194
14859	12	194
16104	14	104
13361	12	201
462	4	221
6951	12	190
1866	12	194
3776	14	36
3820	14	104
1603	14	33
2941	18	279
613	15	260
1550	3	215
3179	18	279
1299	12	194
4617	18	279
4283	14	165
2789	14	33
15208	14	36
17854	14	36
499	14	167
14826	14	104
14156	18	279
9225	15	257
88	15	258
5741	12	190
2601	14	104
2191	14	220
87	18	279
1871	16	264
8078	11	179
4904	17	217
7579	18	279
1204	4	99
3178	12	184
7979	12	201
2147	14	36
2891	14	167
469	16	268
11670	12	194
8997	14	122
22521	14	104
5753	14	104
2863	14	104
4745	18	279
2148	12	205
21272	17	182
7526	18	279
19375	15	257
16493	12	201
3566	14	122
82	12	205
10648	12	194
6933	6	282
7658	12	184
5740	12	190
6604	14	248
11889	12	194
1695	14	33
13170	15	257
689	1	24
1883	12	194
629	11	180
10600	12	201
551	2	30
674	3	160
5833	1	16
2893	12	205
18799	12	201
1592	14	33
8580	14	104
1210	12	205
6330	14	122
490	12	201
3076	12	197
8915	14	167
16542	12	201
3196	3	96
5360	14	102
2739	8	31
816	16	264
10736	12	201
946	12	201
2037	14	36
13734	14	36
6254	14	104
2402	16	268
2025	14	104
20399	14	104
2023	8	31
470	10	170
1026	12	201
3206	12	64
1641	14	110
11060	14	36
5534	3	96
8370	12	205
11260	3	85
12330	12	184
7142	14	104
5931	17	182
2762	12	205
8148	14	104
4719	14	104
9971	12	201
1442	8	31
2768	14	104
3325	11	180
4820	12	201
1225	14	33
4937	6	282
11835	12	184
4821	12	205
3705	2	66
5038	14	33
513	1	16
6749	14	122
8318	14	122
11166	18	279
11662	3	85
4964	3	96
8975	12	201
11157	12	201
5723	12	201
1025	12	184
2033	14	33
9973	6	161
2811	14	104
361	18	279
1065	12	201
4343	3	76
5816	18	279
1349	17	275
4055	17	275
2833	14	33
5350	14	38
5475	8	138
13169	4	199
72	16	264
1490	16	264
3621	17	4
8362	3	85
11946	14	104
711	15	258
797	12	187
509	12	187
4981	12	184
495	12	201
4391	14	104
578	1	24
572	14	104
1639	14	104
8288	14	104
477	14	36
3997	18	279
6913	14	165
1887	12	205
662	11	179
22569	12	184
3895	3	76
11955	14	104
1514	12	184
14453	8	130
5318	14	104
2900	8	130
7000	14	36
11039	14	167
9642	12	184
10342	12	194
1739	14	104
954	14	102
566	2	69
11944	14	104
828	4	99
2045	14	104
3919	8	130
605	15	260
7001	12	201
487	12	194
290	4	221
11743	8	130
465	1	24
473	14	104
24224	3	96
3747	6	114
15216	12	201
9329	14	104
3940	14	102
8462	14	36
792	3	76
14306	3	96
6864	1	16
10376	14	122
848	14	38
3557	14	122
5682	12	201
950	4	99
1671	11	175
5638	14	102
786	15	260
2123	6	282
2180	3	85
5553	14	36
3507	14	36
6206	6	282
949	8	31
658	14	104
3603	15	257
3388	12	201
3880	18	279
851	14	104
7772	16	270
33	14	104
1346	15	258
9310	12	201
9238	14	36
6934	12	201
7670	14	104
4451	14	36
539	12	201
4511	12	197
4077	15	257
4616	14	104
1889	12	194
2056	12	191
4073	14	236
8918	14	104
3164	3	160
8916	14	167
4866	14	104
10353	16	270
6930	18	279
4064	12	184
16774	14	104
2603	14	102
10593	12	205
506	12	187
467	14	105
2449	14	104
2787	14	38
6316	2	182
6923	14	122
7002	14	36
478	6	208
3849	12	191
5564	14	102
5006	14	104
709	1	17
19992	17	182
6089	14	104
480	12	201
8312	12	184
6087	14	104
6259	14	122
23	12	187
14038	14	38
7774	12	197
1395	1	26
4976	14	33
4979	14	104
4868	14	36
10731	3	90
7902	15	257
3047	14	104
1475	14	104
8559	12	197
497	3	76
12649	14	104
6142	2	30
395	8	154
8917	14	102
13792	14	104
79	1	10
969	8	31
6698	18	279
13732	14	36
743	1	26
4270	12	194
10393	14	104
70	1	16
3614	12	185
6286	18	279
445	17	4
4456	12	184
2931	14	36
15206	14	104
6472	1	16
54	12	64
17474	18	279
13800	8	130
9704	14	38
1708	14	104
11671	11	179
10029	18	279
2925	14	36
20354	14	167
9626	12	201
3844	12	191
1408	3	76
15101	14	104
687	15	258
450	12	184
2350	14	104
2152	1	23
2024	3	76
3423	1	13
4070	14	104
11957	14	36
927	12	205
3662	12	197
5420	12	201
17049	1	16
4212	14	38
1024	12	205
896	2	30
10372	18	279
17369	18	279
2421	2	30
6282	12	197
10642	18	279
8529	18	279
2889	14	104
3530	14	104
4050	2	30
7773	12	201
190	15	257
1233	12	205
3281	6	114
357	17	275
12532	12	201
3834	12	205
2113	6	114
715	12	194
15207	14	104
1328	8	151
2916	14	104
14096	15	257
13777	3	88
836	3	76
17051	18	279
4176	15	257
793	3	76
11729	12	197
17637	14	122
1610	12	197
80	12	201
257	3	77
16818	17	182
2892	18	279
2311	6	114
577	12	205
3377	3	76
3910	2	30
794	14	104
10915	12	197
13050	14	167
1477	14	104
9703	14	38
791	2	30
527	2	30
1749	3	215
4867	14	104
10281	12	190
15448	14	122
7525	14	36
6709	17	125
5815	18	279
693	12	184
19577	12	201
961	12	187
929	2	30
5618	14	104
3846	12	191
4808	14	104
1027	14	104
1786	6	161
1763	10	168
616	3	160
3746	3	215
5765	18	279
12765	15	257
6383	18	279
2193	18	279
15618	17	182
8280	12	201
6252	12	194
68	12	205
7946	14	36
2571	14	104
15621	12	201
10530	14	104
3899	12	194
4712	12	201
1780	12	191
21874	12	197
6253	12	194
13481	14	104
631	12	184
3160	15	257
2646	12	201
3420	12	201
3310	18	279
5289	12	194
6589	14	104
2016	10	168
3835	12	191
5868	12	205
1675	8	130
3433	3	78
18070	12	194
2356	12	190
3831	12	191
30	3	160
2151	4	221
15194	18	279
1665	18	279
2130	15	259
2114	12	201
90	3	76
1158	4	221
4495	3	76
7963	14	104
2884	12	205
7948	14	104
11358	18	279
3094	15	258
3059	12	201
59	15	260
14437	14	104
2618	12	201
529	12	205
2609	14	102
911	4	99
130	4	250
7434	8	142
4452	12	184
3356	11	175
4945	16	264
1536	12	184
1611	12	191
3837	12	197
4418	8	130
15214	18	279
1750	11	179
10558	12	197
5076	14	104
5982	3	86
3454	3	160
10385	12	194
1667	12	64
13031	14	102
574	4	274
18536	14	33
1545	4	223
10040	6	282
2076	18	279
823	4	99
20257	17	182
10898	14	167
9429	12	205
5147	17	275
85	1	10
644	6	282
9488	12	201
5943	17	182
17	11	179
13513	14	104
935	8	151
2878	3	215
4813	14	104
2242	3	85
3359	4	250
2013	12	194
5352	14	104
6752	12	201
10410	12	201
1562	1	10
14548	12	201
2371	14	104
646	15	259
3111	18	279
6468	12	194
6603	18	279
17412	14	104
7342	12	197
13989	3	85
592	2	54
1895	12	205
6380	12	184
2672	3	160
1637	11	175
6917	12	201
13483	15	258
4196	8	130
10307	14	104
7980	8	130
4178	18	279
8113	6	161
2381	12	205
1685	3	76
660	18	279
463	12	205
77	12	205
23062	18	279
2974	8	232
2225	12	64
7	14	102
6183	18	279
4180	17	125
1478	12	194
2783	10	168
6686	15	257
12810	14	104
2000	6	161
6024	14	104
6773	3	85
612	14	33
5552	12	190
9513	14	104
1006	14	104
5307	17	4
2015	14	36
519	16	264
3300	12	194
18679	12	201
6471	14	167
1626	12	194
4461	14	104
5653	14	104
13302	12	201
3404	3	160
494	12	205
6927	14	122
10361	14	104
2749	14	33
4516	11	179
39	12	191
5248	1	16
657	3	85
12721	14	110
10365	12	201
15314	12	194
9936	3	76
341	16	271
1616	12	201
1612	12	194
498	12	205
2413	14	102
10260	14	104
501	14	36
4351	1	16
532	12	205
3434	15	276
5759	18	279
1792	3	160
2169	16	264
9198	12	194
855	4	274
2607	14	36
22842	12	201
1615	12	205
9444	4	199
2383	12	194
7524	12	201
1468	1	22
3299	14	104
3427	3	92
2611	12	194
2616	12	201
2162	12	201
4347	14	105
230	12	201
246	14	102
8686	14	122
4819	12	194
2189	12	184
1945	12	123
3129	12	184
11742	12	201
1028	11	175
6442	14	104
10884	14	122
7994	12	201
13172	3	76
3942	10	168
239	12	201
6165	6	161
1633	12	201
17304	4	199
16202	14	104
2157	12	184
6924	12	201
8307	18	279
266	1	16
1884	4	199
12450	12	201
32	11	175
4615	14	167
4815	12	201
4488	12	197
10630	8	129
7733	12	184
4443	12	184
20498	14	104
3862	14	104
14648	14	36
2167	14	104
2159	12	184
7821	14	102
11545	17	182
4222	12	194
2890	18	279
1771	12	194
2894	16	264
3169	12	201
3022	14	104
4612	12	184
4211	14	102
5345	15	258
4316	14	104
8755	14	102
2153	12	194
2158	12	201
17236	14	104
10777	8	130
8320	12	184
955	12	205
12697	4	199
6083	14	104
11065	14	38
4315	14	236
1393	15	258
4317	14	104
2612	14	220
12247	18	279
2867	14	104
6394	14	104
4312	14	104
960	12	194
1644	14	104
3290	12	191
8375	14	105
5067	14	104
3938	10	168
12720	14	104
14649	10	168
4792	6	161
1942	8	157
2871	4	199
2154	12	205
2769	14	110
8054	14	122
18079	14	38
7740	14	110
3484	14	38
10726	12	201
2887	14	104
436	12	194
4917	12	201
2918	14	36
2387	12	205
8898	14	104
4538	12	201
2156	10	170
231	12	194
2870	12	201
8485	14	104
2205	14	102
7738	14	110
3863	12	194
13264	12	194
5844	14	122
1767	12	194
2420	12	184
4286	14	165
11063	18	279
14579	14	104
6086	14	104
4210	14	38
2886	12	201
5470	12	205
2628	12	201
1764	12	194
1467	3	76
2923	14	36
814	12	64
4916	15	257
5012	14	38
1614	12	205
10832	14	38
2208	14	102
2179	12	184
6287	4	199
2645	12	194
4982	6	161
1632	12	201
15933	14	104
4204	14	38
15333	14	104
7897	12	201
4219	12	197
12447	12	201
4318	14	36
10137	14	36
3217	12	205
7972	8	138
4314	14	104
1076	10	168
1769	14	236
6618	14	36
3021	12	205
7414	14	122
2883	14	105
5141	12	201
962	14	104
945	12	205
3889	14	104
1988	15	257
1707	12	194
1617	12	201
7412	15	257
13468	14	104
6084	14	104
6278	12	197
5196	12	201
11741	8	138
3775	12	184
6212	12	205
4975	14	33
4694	12	194
862	8	151
5355	12	197
6808	2	67
15468	18	279
13827	12	205
516	12	187
2940	15	257
10332	3	85
6085	14	104
2178	14	104
815	12	201
849	14	167
3818	3	76
904	14	104
3553	8	138
1705	14	104
868	12	64
3973	12	197
2181	12	184
5888	14	105
2914	14	104
933	14	36
11959	3	75
3952	2	30
1453	12	205
847	12	201
449	12	184
825	12	201
5351	12	197
7993	8	138
